"videoID","index","start_timestamp","end_timestamp"
"--8AskBKRko",0,"0:00:06.000","0:00:54.000"
"-CFUFJNWORs",1,"0:03:31.387","0:03:47.966"
"-2r5lvgKnv0",2,"0:04:04.043","0:04:24.998"
"-8J85kQaLI4",0,"0:00:01.320","0:00:12.000"
"-QTxlOX8NNI",1,"0:00:41.708","0:01:01.227"
"-Q8aRaYfeOY",0,"0:01:52.766","0:01:59.900"
"-0NKp7SyhKA",1,"0:08:54.433","0:09:02.975"
"-Pkuho1Z1eA",2,"0:00:57.057","0:01:05.565"
"-EvC5iGAkJc",1,"0:00:21.960","0:01:09.960"
"-FOhpcrdnME",1,"0:07:07.960","0:07:47.233"
"--apVvW8qEc",0,"0:00:14.347","0:00:49.582"
"-1ejHXPwGRY",0,"0:00:13.046","0:00:25.825"
"-C1s3J3owDs",1,"0:03:31.377","0:04:05.845"
"-JHxJoVOew8",1,"0:09:38.800","0:09:53.400"
"-PsjE_YNcpM",2,"0:01:05.466","0:01:14.933"
"-QSmNwY3MqE",0,"0:05:24.023","0:06:01.394"
"-00Gg-hgtLI",0,"0:00:10.360","0:00:16.440"
"-01s6VrNUA8",0,"0:00:00.834","0:00:07.607"
"-O1Uom14SG4",0,"0:00:16.640","0:00:26.080"
"-Q9IsNvthbA",2,"0:01:41.433","0:01:56.366"
"-IYanev3wbk",0,"0:00:23.000","0:01:11.000"
"-PndHEH_os0",1,"0:00:19.266","0:00:37.900"
"-QQWiIDliog",0,"0:00:12.429","0:00:18.810"
"-Qmzt9F5Q8k",0,"0:00:05.972","0:00:54.020"
"-9-OPR4ZTJI",0,"0:00:10.977","0:00:58.992"
"-PlKhpBdgLU",0,"0:00:03.336","0:00:17.517"
"-0MNKMpwaUY",1,"0:00:28.280","0:00:33.400"
"-GiOBepuhE4",2,"0:06:01.627","0:06:17.410"
"-1YB7g-XMwc",2,"0:02:10.597","0:02:58.645"
"-QOvB-7cCsU",1,"0:00:20.186","0:00:31.464"
"-C_meAzbQNg",2,"0:04:36.080","0:04:46.600"
"--refWA8V0E",2,"0:01:57.150","0:02:04.290"
"-4EpbJmCzPs",2,"0:03:24.820","0:03:54.960"
"-7fCeZ75hns",0,"0:00:07.200","0:00:34.280"
"-QxEydlHG2I",1,"0:00:12.533","0:00:29.633"
"-LKWYecMbqY",0,"0:00:15.915","0:01:03.963"
"--VvYTvtpt4",0,"0:00:08.720","0:00:24.720"
"--9TX7D0Fu0",1,"0:01:18.378","0:01:54.581"
"--tkNgYHpvQ",1,"0:00:15.715","0:00:40.507"
"-8VpQsCXq34",0,"0:11:23.520","0:12:06.900"
"-CnlCAaAfh8",0,"0:00:01.968","0:00:17.917"
"--3ny0T12Mc",0,"0:00:11.044","0:00:59.092"
"-PsSulF5G8g",1,"0:05:22.113","0:06:10.161"
"-LxGCjwd8Mg",2,"0:01:38.960","0:01:56.160"
"-BHp-oLWFHo",0,"0:00:06.000","0:00:54.000"
"-5B4SABJ7Uw",0,"0:01:57.360","0:02:03.440"
"--grQ2z0K_o",1,"0:00:25.258","0:00:46.079"
"-QwSs33kP-c",0,"0:00:02.877","0:00:09.759"
"-7K45AWzNC0",2,"0:10:19.352","0:10:27.660"
"-A5zTe_77Ew",0,"0:00:05.500","0:00:49.500"
"-Q7XEdjPcfw",0,"0:00:02.369","0:00:21.621"
"-3KdZZSF4NA",0,"0:00:11.344","0:00:22.789"
"-4cgtcdLbaM",2,"0:01:45.572","0:01:52.512"
"-4geY-n5DWk",2,"0:12:44.497","0:12:58.644"
"--8PO8cQxQA",0,"0:00:03.536","0:00:25.925"
"--jwGilIsy8",0,"0:02:53.760","0:03:00.800"
"--Jb31m2Sg0",0,"0:02:21.708","0:02:33.703"
"--u1rGzJfZU",0,"0:00:01.042","0:00:09.592"
"-4RZFcZkmX4",2,"0:00:55.180","0:01:17.619"
"-M88ykpTcu4",1,"0:01:47.107","0:01:54.614"
"-Ly_go0uaNA",1,"0:14:56.045","0:15:10.693"
"-05Wz-RuJxk",2,"0:02:13.333","0:02:29.282"
"--Cy6tulXcU",0,"0:00:05.972","0:00:54.020"
"-1cNG3cU_PI",0,"0:00:00.750","0:00:07.041"
"-PAqYhWSm2k",0,"0:00:21.800","0:01:09.800"
"-EmIH316mc4",2,"0:01:26.433","0:01:45.333"
"-C-g3UMrtrY",1,"0:00:13.096","0:01:01.144"
"-E6s8Lh7zc4",1,"0:00:20.954","0:01:09.002"
"-JvTvUtnnCI",0,"0:01:35.595","0:01:43.603"
"-PGwOAT8quE",2,"0:01:44.337","0:02:12.198"
"-O355FuraDY",0,"0:00:02.280","0:00:10.280"
"-0X2tl_lpnQ",2,"0:01:24.084","0:01:33.051"
"-8SpCsVQC1I",0,"0:11:44.437","0:11:54.313"
"-PdZlWVKWks",1,"0:06:25.718","0:06:31.265"
"-QkHv7pKHBc",2,"0:05:52.218","0:06:02.295"
"-IkYAJQ0RvM",1,"0:00:12.979","0:00:30.730"
"-3EqfAXp6RA",1,"0:17:16.769","0:17:32.584"
"-QLkWze1dbU",0,"0:00:11.411","0:00:23.390"
"-15Ayy15VQ8",0,"0:00:06.798","0:00:21.604"
"--s2SurZS9Y",0,"0:00:37.037","0:01:07.100"
"-Pri75I_X4o",1,"0:00:12.612","0:00:17.784"
"-QJUu41pe1s",1,"0:00:12.112","0:01:00.160"
"--4Cg4id5FI",0,"0:00:05.755","0:00:12.470"
"-3SgveHZfII",1,"0:00:58.240","0:01:05.160"
"-R1WWSiA3G8",1,"0:00:18.400","0:00:42.400"
"-PCmxcxWDyY",0,"0:00:08.480","0:00:20.520"
"-FTl5BAvwWo",0,"0:00:13.530","0:00:30.747"
"--BclzTcMPY",1,"0:00:15.482","0:01:03.530"
"-4VAwJhifZg",1,"0:00:10.477","0:00:58.525"
"-OY9h8enuMM",1,"0:03:32.033","0:03:52.033"
"-Fj2x26JUM0",0,"0:00:09.809","0:00:33.833"
"-PAw8UYdmX0",2,"0:12:17.625","0:12:29.625"
"--bY-1OKHi8",0,"0:00:12.846","0:01:00.894"
"-665wMOTPaM",0,"0:00:05.338","0:00:48.423"
"--Ugh-ASC38",0,"0:00:08.008","0:00:36.327"
"-0OUnB31PM0",0,"0:00:06.000","0:00:54.000"
"-Q6n4RniicI",2,"0:07:04.090","0:07:12.365"
"-PbAPCPljho",2,"0:09:19.792","0:09:32.905"
"-0ajgproIzk",0,"0:00:13.000","0:00:37.000"
"-02ymBxHpEw",1,"0:00:43.710","0:00:51.735"
"-Mff3ULkYaw",0,"0:00:09.409","0:00:20.420"
"-47RzGcrdpY",0,"0:00:06.000","0:00:54.000"
"-0MqMWQqosU",0,"0:00:02.160","0:00:07.480"
"-OFRpRzSjLk",0,"0:00:15.933","0:00:41.200"
"--_8VAi6wO0",0,"0:04:47.870","0:05:07.223"
"-0QWl1XLOW8",0,"0:04:07.480","0:04:13.000"
"-Qvcu70YnYY",0,"0:00:01.401","0:00:12.645"
"-Q6UU-cWdiM",2,"0:06:05.565","0:06:21.514"
"-IDG9WaD_Zw",1,"0:00:51.184","0:01:37.397"
"-Qdb1DyPYmk",0,"0:01:38.932","0:01:47.574"
"-5oPxsCc-7Y",1,"0:00:34.875","0:01:10.791"
"-PEvLSSsuQ4",0,"0:00:12.579","0:00:20.854"
"-QJGFfrwoFc",1,"0:00:46.000","0:01:34.000"
"-B7L3c7Qmn4",0,"0:00:00.967","0:00:08.875"
"-AXcbxOdIXc",1,"0:00:18.250","0:01:06.250"
"--sk2OTRrUA",0,"0:00:11.720","0:00:59.768"
"-Qn6f9WMP1w",2,"0:02:00.600","0:02:06.880"
"-7xDMW2qZ1M",2,"0:01:48.403","0:01:56.403"
"-LcVX008rcw",2,"0:02:08.628","0:02:19.606"
"--WUYdTVbIk",1,"0:00:22.633","0:00:55.300"
"-0Z0-x6mAw0",0,"0:00:19.619","0:00:31.598"
"-035dVeZWFU",0,"0:00:17.851","0:00:51.017"
"-EC1RgsTcWU",0,"0:00:07.607","0:00:28.862"
"-Q4aLvuo8v4",0,"0:00:01.468","0:00:13.313"
"-0ArENTx8l0",0,"0:00:06.000","0:00:54.000"
"-0O8obe9i7k",1,"0:00:20.920","0:01:08.968"
"--nKJJhOx4M",0,"0:00:16.082","0:00:25.458"
"-8tlYk_hbGU",0,"0:00:05.989","0:00:54.003"
"--vtHVr4tVs",1,"0:00:14.381","0:01:02.162"
"-KAHnEzOXeU",2,"0:00:21.396","0:01:09.444"
"-QGFjnTQaDg",1,"0:20:09.640","0:20:37.680"
"--8VDCUGDhg",2,"0:04:32.038","0:04:44.017"
"-PvpKomNpOI",2,"0:16:10.703","0:16:35.794"
"-K_CsFspcA8",1,"0:06:17.310","0:07:05.324"
"-0I8UawoV84",2,"0:00:32.320","0:00:39.000"
"-QjISrbhn5o",0,"0:00:01.634","0:00:14.848"
"-KwmWRfXDSQ",2,"0:08:41.254","0:08:56.903"
"-Qh30OpqQ88",0,"0:00:01.738","0:00:09.760"
"-7Hx_NXSpCk",1,"0:00:30.266","0:00:42.266"
"-E84lwsCqaw",0,"0:02:48.535","0:03:24.337"
"-72K3N6qw10",0,"0:00:01.160","0:00:10.760"
"-J3ApTBQAM8",2,"0:01:22.280","0:02:10.280"
"-Cl2afBWdVo",0,"0:00:13.560","0:00:21.000"
"-NnWD6gYRyg",2,"0:02:04.958","0:02:17.971"
"-MR3HvBqpME",2,"0:02:18.822","0:02:38.174"
"-LVDL62Cg7E",1,"0:01:48.141","0:02:18.071"
"-QeLAHYP99Y",0,"0:00:01.534","0:00:13.863"
"-EMFzdXra2k",1,"0:00:08.500","0:00:56.500"
"-0NeCfFXXp4",1,"0:03:24.760","0:03:30.800"
"-4VBBKdxo4c",0,"0:00:05.964","0:00:54.012"
"-Po3jrCcTbc",2,"0:01:35.929","0:01:44.312"
"-8g3jOTYRzQ",1,"0:02:18.280","0:02:31.160"
"-7tOJKYWs9Q",1,"0:01:44.771","0:01:57.350"
"-NOeG7ei8ck",0,"0:00:18.852","0:00:26.860"
"-6HQ0cxXMEE",0,"0:00:11.344","0:00:59.392"
"-QfZpgIaruY",0,"0:00:05.972","0:00:54.020"
"-Psze_BYQvo",0,"0:00:05.972","0:00:54.020"
"-PtWIZVRvHk",2,"0:01:43.703","0:02:07.594"
"-EHst6999GI",0,"0:00:15.882","0:01:03.663"
"-BxY6svmvX4",0,"0:00:07.073","0:00:15.081"
"-DfGKaMi1hE",1,"0:00:12.000","0:00:28.500"
"-Nw8EWUrJuQ",0,"0:00:24.482","0:00:33.324"
"-Fvh0WPd4uA",1,"0:01:39.000","0:02:11.000"
"-PLOt9heijA",0,"0:00:04.354","0:00:17.384"
"-6sAkrKpsgs",1,"0:00:07.974","0:00:22.455"
"-E7xJSKKaag",0,"0:02:59.746","0:03:05.952"
"-6pH9HJ8GsA",0,"0:00:00.867","0:00:08.108"
"--KD9d_Hs7w",1,"0:02:35.088","0:02:43.096"
"--VmU1cQKfg",0,"0:00:00.917","0:00:08.550"
"-15KAbFw0RY",2,"0:01:19.880","0:01:48.960"
"-3XjxO_Y1vY",1,"0:00:59.760","0:01:06.240"
"-Q8spqPMtP8",0,"0:01:06.200","0:01:16.400"
"-LUBNsfpVN8",0,"0:00:13.146","0:00:23.990"
"--s59S35Dq8",0,"0:00:02.969","0:00:26.860"
"-Q47IDE5WnI",1,"0:00:11.000","0:00:59.000"
"-0pSPeRgiNU",0,"0:00:15.680","0:01:03.680"
"-0Ht8FLV2bA",1,"0:05:42.041","0:06:13.873"
"-0AAhXT99Zw",0,"0:02:36.197","0:02:56.509"
"--DYxYfAQqY",2,"0:02:32.886","0:02:42.829"
"-55he7NGmDA",0,"0:00:05.972","0:00:54.020"
"--XiGjUeiIA",2,"0:03:11.920","0:03:59.920"
"-7cnqh9Hnxk",2,"0:04:08.640","0:04:21.920"
"-Pk5dBS-r-M",0,"0:00:01.468","0:00:13.446"
"-08KUpI9iHE",1,"0:07:59.040","0:08:11.560"
"-9_LoB1Ib20",2,"0:18:15.794","0:18:27.773"
"-I6qMKx_u-4",0,"0:00:03.683","0:00:33.300"
"--D6pymU85w",0,"0:00:02.902","0:00:26.159"
"-QXgzceX_Dk",2,"0:00:33.566","0:00:47.247"
"-I0LyrQaoR0",1,"0:00:15.782","0:00:24.657"
"-Q3tdzQ2kHM",0,"0:00:03.236","0:00:29.295"
"-5nmuwQ0kwA",0,"0:00:09.476","0:00:29.963"
"-4pp-Oxn-PQ",1,"0:00:49.458","0:01:37.458"
"-DHde2_nFMI",1,"0:10:42.541","0:10:58.324"
"-0e60FecLC8",2,"0:01:30.457","0:01:55.248"
"-OtoWlBwdog",1,"0:01:39.833","0:01:45.939"
"-PgRB5jjyws",0,"0:00:10.944","0:00:58.992"
"-QyPJ7bnlEA",2,"0:03:17.040","0:03:29.400"
"---NMimBuMg",0,"0:00:07.340","0:00:26.292"
"-1N4rKPJzXM",0,"0:00:07.440","0:00:55.488"
"-9Z-fcHnH_I",0,"0:00:22.480","0:00:50.925"
"-0G28i7q-v8",2,"0:10:10.743","0:10:58.791"
"--RDFztyTwY",1,"0:02:38.992","0:02:44.364"
"-CKu28J5_yI",0,"0:00:15.749","0:00:59.459"
"-KK6-qjmy2Y",2,"0:01:23.208","0:01:28.755"
"-575UZ7uzn8",0,"0:00:22.188","0:00:27.794"
"-02VUAHCqF4",2,"0:00:46.946","0:00:52.652"
"-BwlBMHaj40",2,"0:10:54.487","0:11:08.267"
"-QS8qvalkJc",1,"0:00:30.830","0:01:18.878"
"--ll-maBKPY",0,"0:00:00.900","0:00:08.274"
"-JKmT37e8OA",0,"0:00:01.735","0:00:15.749"
"-Qg3p5LSPKU",2,"0:02:30.717","0:02:35.788"
"-Q7fZXjfQaw",0,"0:00:00.733","0:00:06.733"
"-0ESyXe2Pbo",1,"0:01:31.758","0:02:01.871"
"-QXzWXuVqr0",0,"0:00:05.972","0:00:54.020"
"-LPEpz7IDYc",2,"0:12:27.160","0:12:38.880"
"-Q0YR5UhVMw",0,"0:03:05.200","0:03:22.200"
"-Qf1molcE9Y",0,"0:00:28.561","0:00:39.172"
"-27ZU8ddLGg",1,"0:01:23.708","0:01:41.559"
"-QAqC9T-3tw",1,"0:00:18.720","0:00:35.720"
"-Q2Ggo88yFc",2,"0:01:17.210","0:01:25.118"
"-AgTXQCEnYk",0,"0:03:23.203","0:04:11.251"
"-OQuAZ_eQOY",1,"0:07:13.266","0:07:22.074"
"-PvSZcQKYUs",0,"0:00:01.468","0:00:13.246"
"-6F3z3lIsMw",2,"0:01:39.799","0:01:47.340"
"-2OHTIKASKg",1,"0:00:19.986","0:01:08.001"
"-QHgbxg9Lzs",0,"0:00:08.360","0:00:56.360"
"-Q_pu3NTJM0",0,"0:01:39.199","0:01:48.575"
"-Qp89qUg3cc",2,"0:01:41.401","0:01:51.911"
"-Nznz8oIg7g",1,"0:00:34.868","0:01:22.916"
"-KVzW-PYFCM",0,"0:00:13.440","0:00:28.800"
"-MuJX3cUfJA",0,"0:00:05.000","0:00:45.000"
"--45hTBwKRI",0,"0:00:00.750","0:00:07.090"
"-5Mt3BgntwY",1,"0:05:40.933","0:05:55.833"
"-4eiU1SHpzY",0,"0:00:15.120","0:01:03.120"
"-A2u-J0MwIc",1,"0:03:39.666","0:03:59.933"
"-NodDRTsV88",1,"0:00:14.014","0:01:02.062"
"-045K9l30sY",1,"0:07:54.266","0:08:07.066"
"--S6FpsEc40",0,"0:01:22.148","0:01:43.770"
"--TxuKZOsNQ",0,"0:00:07.657","0:00:36.953"
"-L2gFMqh9RU",0,"0:00:05.972","0:00:54.020"
"-L3Uvi9vBhw",1,"0:02:09.946","0:02:17.420"
"--m_2nwU4R8",1,"0:01:33.026","0:02:01.254"
"-0Y_VXy0soc",1,"0:00:28.980","0:00:37.002"
"-PbWKsSO8Qk",1,"0:04:13.962","0:05:01.426"
"-Pe6dyACVW4",1,"0:01:46.506","0:02:34.554"
"-7MjB3355nM",0,"0:00:45.345","0:00:50.950"
"-NeY2-yVJns",0,"0:00:01.000","0:00:09.000"
"-2HzxbaTI7w",0,"0:00:08.541","0:00:56.589"
"--jrlO_kYmo",1,"0:00:11.444","0:00:20.286"
"-0VnQJF_WKQ",2,"0:03:03.880","0:03:33.300"
"-PfCQlAaZ4Y",1,"0:00:53.420","0:00:58.491"
"-MS5YNUlMHQ",0,"0:00:00.834","0:00:07.540"
"-A9UYNXXGzE",0,"0:00:02.469","0:00:22.389"
"-0RH2ohWaa0",2,"0:06:14.273","0:06:27.353"
"-H6tbOkcXzQ",0,"0:03:05.852","0:03:27.207"
"-HofMPysnvw",0,"0:00:02.569","0:00:12.979"
"-IP_-OM639A",0,"0:00:01.601","0:00:14.481"
"-R-GIzp0IEU",1,"0:03:43.289","0:04:03.643"
"-QJsljIDKkk",0,"0:00:02.002","0:00:18.143"
"-2_VlEPLPO8",2,"0:02:23.676","0:02:29.983"
"-OCHoNdaLHM",0,"0:00:01.468","0:00:13.213"
"-QGxiHjLfkI",0,"0:00:08.975","0:00:16.983"
"-OUc2_M1PeQ",2,"0:08:40.360","0:09:28.360"
"-Q28NlI67bg",2,"0:05:28.261","0:06:16.309"
"-Cn4gwbAo8A",1,"0:00:14.414","0:00:22.422"
"-PaJGY39K90",2,"0:02:39.259","0:03:24.437"
"-K-30VyUH8Q",0,"0:00:12.779","0:00:22.422"
"-0Pe0Z7bPOU",2,"0:02:48.635","0:02:58.311"
"-ITDO0241ek",1,"0:00:09.680","0:00:54.840"
"-0AstU4_bDw",0,"0:00:05.989","0:00:54.003"
"-30eKztgoiw",1,"0:00:37.103","0:00:45.745"
"-Qz6lGW-MLQ",2,"0:00:43.076","0:00:48.181"
"---agFLYkbY",0,"0:02:55.642","0:03:43.690"
"-1UMo3HhCjE",0,"0:00:12.680","0:00:21.360"
"-4oyB9grInI",0,"0:00:09.309","0:00:27.293"
"--iW6tuP5C0",0,"0:00:05.972","0:00:54.020"
"-Is9eC_pWsI",0,"0:00:04.666","0:00:42.166"
"-MKvrQxmrn4",0,"0:00:11.011","0:00:59.059"
"-EDudgUZyQ8",1,"0:01:26.833","0:02:12.533"
"-QT4r2HbpFQ",1,"0:01:44.521","0:01:53.696"
"-QnzcRkFHTs",0,"0:04:05.280","0:04:32.080"
"-2J89yYFWPs",0,"0:00:10.885","0:00:58.600"
"-OOhzk82CIQ",0,"0:01:26.953","0:01:36.729"
"-QRtn1mTlck",0,"0:00:31.360","0:00:42.800"
"-BF39i_s9FE",0,"0:00:03.500","0:00:31.500"
"-QHMF20Zbys",2,"0:04:25.531","0:04:37.977"
"-4HaGUJyifE",2,"0:01:08.735","0:01:19.212"
"-PmPCN9uO8U",1,"0:00:06.500","0:00:18.500"
"-0OdHjHtvEA",1,"0:03:55.602","0:04:15.521"
"-5myKfod5us",0,"0:00:06.000","0:00:54.000"
"-3KXxXNwtNw",0,"0:00:10.093","0:00:18.977"
"-R-k1KE4Xfs",1,"0:02:48.568","0:02:56.509"
"-JHzTH7DDRs",2,"0:03:45.491","0:04:06.312"
"-FkG_IFUWBc",0,"0:00:16.549","0:00:26.459"
"-Oh17Lz-cI4",1,"0:07:57.443","0:08:04.016"
"-GzhFnbTPp8",0,"0:02:45.440","0:03:01.440"
"-4rbwNeVC3M",0,"0:00:01.301","0:00:11.711"
"--v4P2VsNmQ",2,"0:05:04.470","0:05:21.254"
"-3UODqCz5l4",1,"0:00:43.593","0:00:52.635"
"-0bAqr8wJTc",0,"0:00:18.118","0:00:28.828"
"-PaZ0vhp-Es",2,"0:02:11.480","0:02:18.960"
"-QswZKhHUeM",0,"0:00:01.568","0:00:14.114"
"--TQgwA9jBg",0,"0:00:05.972","0:00:54.020"
"-BetpfoP39A",1,"0:00:42.433","0:00:54.266"
"--Kkllwu4uc",2,"0:01:09.169","0:01:15.775"
"-QuidMsaEiE",0,"0:00:01.100","0:00:09.900"
"-Q1mOUHSarE",0,"0:00:05.972","0:00:54.020"
"-F604nsB5N8",0,"0:00:05.972","0:00:54.020"
"-QgXvU1U-Q4",0,"0:00:01.000","0:00:09.000"
"-0--t6e09wo",0,"0:00:00.867","0:00:07.974"
"--XzB-mD5hw",2,"0:01:50.083","0:02:02.833"
"-1SVJhYU-s0",1,"0:01:36.496","0:01:42.836"
"-MKItQFA4ik",0,"0:00:15.181","0:00:21.488"
"-6yo5KzvDNo",0,"0:00:13.000","0:00:37.000"
"-0X2driN__A",2,"0:02:21.374","0:02:26.412"
"-QYc66ubfKs",1,"0:04:24.530","0:04:37.543"
"-Pg0PaUWoPo",1,"0:05:39.520","0:05:50.400"
"--VXd2RGRq8",1,"0:00:10.510","0:00:17.751"
"-JTd-IdHEL0",2,"0:02:01.621","0:02:19.205"
"-D-PW-E1tM4",0,"0:00:06.000","0:00:54.000"
"-1KZw_ZpJiE",0,"0:00:19.200","0:00:34.200"
"-BMov9K7IZg",0,"0:00:04.920","0:00:12.280"
"-8SwiBjSYCM",0,"0:00:10.810","0:00:50.784"
"-BYLJDkZDJU",1,"0:01:26.419","0:01:33.626"
"--qSQfhZ0jk",0,"0:00:01.200","0:00:11.160"
"-88AIK6RJ3Y",1,"0:00:10.377","0:00:58.391"
"-Q9ekCa6ZCY",0,"0:00:06.000","0:00:54.000"
"-MfVDYwgVVY",0,"0:00:01.434","0:00:13.046"
"-00R66PCRcc",0,"0:02:20.966","0:02:28.966"
"-Qs6tb0R70Q",0,"0:02:49.240","0:03:11.000"
"--ilOiQr1TI",2,"0:01:23.249","0:01:38.231"
"-IXcYmgvKbo",1,"0:00:22.255","0:00:42.175"
"--7-VSjvJII",1,"0:00:26.092","0:00:58.425"
"-JG-UwkHUP8",0,"0:00:20.120","0:00:35.101"
"-0OM6RQguLw",0,"0:00:04.720","0:00:42.480"
"-FuDZ9_kEQg",1,"0:00:14.147","0:00:34.167"
"-QPQPp5-aUk",1,"0:01:28.680","0:01:41.680"
"-PHJRVXblRg",1,"0:01:35.087","0:01:41.964"
"-QLGHxswT3s",0,"0:00:08.274","0:00:16.282"
"-E8f-ieeLGw",0,"0:00:03.470","0:00:31.331"
"-Iz8xZD9LcI",1,"0:01:06.760","0:01:13.840"
"-QtIyeY5mrU",0,"0:00:00.800","0:00:07.374"
"-EFYz_Auq-M",0,"0:00:10.944","0:00:58.992"
"-LloVUQA_v0",0,"0:02:15.480","0:02:22.920"
"-0kMuQ8_tfw",0,"0:00:21.727","0:00:32.958"
"-LTmJmDuIyk",2,"0:02:04.400","0:02:22.080"
"-9twgESXZro",0,"0:03:19.900","0:03:32.866"
"-6iqQhv1Qow",1,"0:02:34.954","0:02:42.962"
"-MSNZg4DmQg",1,"0:00:09.376","0:00:21.688"
"-0eTOyyuAO0",1,"0:00:22.555","0:00:44.377"
"-EWbjznanKk",1,"0:05:08.541","0:05:14.047"
"--l4sHsTwaA",0,"0:00:05.338","0:00:16.182"
"-9o19AwwqC0",1,"0:01:06.800","0:01:14.808"
"-QhzvVVDYg8",0,"0:01:37.080","0:01:47.560"
"-QvcLDV4sNw",0,"0:00:05.992","0:00:53.995"
"--iIX4m1Z7U",0,"0:00:04.000","0:00:36.160"
"--4h43TyorE",1,"0:01:15.875","0:01:22.849"
"-QFXkBVEheA",2,"0:01:50.443","0:02:38.491"
"--rM5rm0DVM",0,"0:00:18.351","0:00:46.171"
"-D9zFGmBFLo",1,"0:00:21.721","0:00:37.537"
"-Bf2zBTvt1M",2,"0:01:52.178","0:02:08.128"
"-Iod7VOPyoc",1,"0:00:13.947","0:00:20.153"
"-Q2WdaK8wwU",0,"0:03:00.960","0:03:06.640"
"-CDtaeDHcBs",2,"0:03:51.030","0:03:57.370"
"--NN5x8LLz8",0,"0:00:10.040","0:00:17.360"
"-I00cQPoEIg",1,"0:01:10.003","0:01:58.051"
"-0cWnFJ4emc",0,"0:00:56.022","0:01:08.301"
"-PxhNBQ64A0",1,"0:00:14.180","0:00:22.455"
"-PpPz9MkMV0",1,"0:03:11.960","0:03:19.160"
"--6Rz6GUzB4",0,"0:00:17.317","0:00:23.690"
"-E8uVG_SZEw",0,"0:00:02.293","0:00:20.937"
"-ECvDShbYiE",2,"0:07:15.868","0:08:03.916"
"-Q-9P2vtSHo",2,"0:02:29.115","0:02:51.004"
"-Qhe1SqDMPs",0,"0:00:12.045","0:00:20.320"
"-NOF2gshrKE",0,"0:00:06.000","0:00:54.000"
"-HpdFe9eeIg",0,"0:00:52.302","0:01:33.343"
"--mzdHRqwas",1,"0:00:06.606","0:00:12.178"
"-Kyiw5qkEoE",2,"0:03:11.658","0:03:36.182"
"-Q4MBdwizzg",0,"0:00:08.274","0:00:56.322"
"-MDrkPoxlZg",0,"0:00:05.972","0:00:54.020"
"-7d2fNut76Y",0,"0:01:09.335","0:01:15.542"
"-QVBROxx8xo",0,"0:01:06.440","0:01:12.840"
"-2DrM66ncfc",0,"0:00:00.866","0:00:08.066"
"-H_1_6EWjcU",1,"0:08:17.196","0:08:26.572"
"--xo39ekfrk",1,"0:00:41.975","0:00:47.680"
"-0ESmjHMwBo",0,"0:00:06.706","0:00:22.989"
"-9loTql3MNQ",2,"0:01:56.416","0:02:11.264"
"-4SzLu95WN8",1,"0:01:11.880","0:01:59.880"
"-5vBStkvKY0",2,"0:05:17.900","0:05:49.633"
"--q1-AUFbgA",0,"0:00:10.977","0:00:58.992"
"-QpaIePLhNo",0,"0:00:06.339","0:00:37.470"
"-0UfjxNtoAI",2,"0:12:20.920","0:12:48.960"
"-0G8rAWfjJ4",2,"0:14:30.903","0:15:18.918"
"-0FW_8FSP9M",1,"0:00:07.941","0:00:31.831"
"-NFuzfrLgxg",2,"0:03:30.560","0:04:18.291"
"-FOEKbTNFXU",1,"0:07:16.235","0:07:26.712"
"--32mihYAqc",0,"0:00:01.101","0:00:09.976"
"-0R4_I8K4FM",2,"0:00:15.890","0:01:03.938"
"-FRJ6vE3I64",0,"0:07:14.534","0:07:31.184"
"-C7rb1Lxs2U",0,"0:00:15.920","0:00:23.480"
"-0Vd0LiDHL8",2,"0:05:51.934","0:06:35.770"
"-0baOqZztz8",0,"0:00:02.000","0:00:18.000"
"-CwN3M2N9fw",0,"0:00:20.240","0:00:26.960"
"-QED0HrDVy4",1,"0:04:18.958","0:04:57.196"
"-01I4ghHdsc",0,"0:00:05.972","0:00:54.020"
"-L9-wX6TocU",0,"0:00:24.057","0:00:43.810"
"-Q63Oyb5AzM",1,"0:04:11.751","0:04:17.882"
"-0QDrhC8HzM",2,"0:07:12.533","0:07:17.966"
"-0hWiBkSarU",0,"0:00:08.366","0:00:56.366"
"-CRltwtqzi8",0,"0:00:05.972","0:00:54.020"
"-GDFYwBIyms",0,"0:00:56.623","0:01:03.596"
"-QUjk71liqs",2,"0:10:47.396","0:11:07.792"
"-JBTLJVZffA",0,"0:00:03.680","0:00:33.160"
"-Lr3KGO527E",2,"0:02:56.160","0:03:07.080"
"-L0dLiT6Iqc",1,"0:00:21.121","0:00:44.611"
"-0PP5TW1cJk",2,"0:05:28.795","0:05:36.803"
"--gNSTvJ3js",1,"0:00:31.865","0:00:43.209"
"-JAzOssAhj4",0,"0:00:05.972","0:00:54.020"
"--DgJSxkY90",1,"0:10:33.199","0:10:46.679"
"--yBOY38PI4",1,"0:00:12.040","0:00:25.000"
"-0c-Knjs37Q",1,"0:01:00.994","0:01:49.042"
"-QiBTDs4wPQ",0,"0:00:06.000","0:00:54.000"
"--EvpEuhwWk",0,"0:00:04.104","0:00:37.237"
"-QYDHfD1VEg",2,"0:08:20.333","0:08:27.240"
"-PEMEWBEFpY",2,"0:18:31.844","0:19:19.892"
"-QPjr_zZb1M",0,"0:00:05.964","0:00:54.012"
"-7ikfpo3LzY",0,"0:00:02.836","0:00:20.812"
"-PdijpHZvw4",1,"0:01:29.823","0:01:46.573"
"-D5LgOogEow",1,"0:01:10.880","0:01:25.600"
"-0JZhp5G_1E",1,"0:00:12.033","0:00:20.033"
"-EfIoiRFpCw",1,"0:00:21.261","0:00:42.354"
"-QlOewLnCAA",1,"0:01:32.959","0:01:58.485"
"-0R68RX49ss",0,"0:00:31.680","0:00:39.680"
"-LrAlHoBchk",0,"0:00:32.098","0:00:39.606"
"-QqeNkFbLIs",0,"0:00:10.944","0:00:58.992"
"-OgVVPeXW4M",0,"0:00:07.480","0:00:22.840"
"-8mQGFmNPes",1,"0:01:01.628","0:01:08.234"
"--uWCAOehOo",0,"0:00:26.151","0:00:33.533"
"-5p8t5aiBBE",1,"0:06:54.914","0:07:42.962"
"-QgLc7PzgZc",0,"0:00:10.900","0:00:58.900"
"-QGvquB7b2E",1,"0:00:23.823","0:00:38.638"
"-QCjFyAF9QQ",1,"0:01:16.493","0:01:27.587"
"-JzPPhL2dRg",2,"0:00:53.386","0:01:02.595"
"-GIkCd3sfzg",1,"0:00:16.416","0:01:04.464"
"-0_1_Vw9LZ4",0,"0:00:06.000","0:00:54.000"
"-Q6q270Glas",1,"0:00:08.440","0:00:13.600"
"--XLblDD99I",0,"0:00:05.972","0:00:54.020"
"-2hpS2ZjcQQ",0,"0:03:17.920","0:03:31.280"
"-MeZtn7a7CI",0,"0:00:11.000","0:00:59.000"
"-5mi83LJ9v4",1,"0:00:12.012","0:00:43.843"
"-PoFli7MOU4",1,"0:02:54.720","0:03:02.680"
"--etmwRTxc8",0,"0:00:51.317","0:01:06.866"
"--og_AykdwA",1,"0:02:21.520","0:02:33.860"
"--0EdaCtR_4",1,"0:00:49.640","0:01:01.680"
"-Q6-4mMRXpI",0,"0:00:06.000","0:00:54.000"
"-Oyb3yMqTWk",2,"0:01:21.514","0:01:29.155"
"-Q3APtCgn_M",1,"0:00:39.720","0:01:27.720"
"-PnIlTGhHyg",0,"0:00:02.769","0:00:08.575"
"-53MogvptgE",0,"0:00:03.403","0:00:30.864"
"-Dx7cnbh8IU",1,"0:02:44.063","0:03:23.836"
"-8XEutG_X2I",1,"0:01:49.316","0:02:00.266"
"-QGziFeGwqQ",2,"0:04:32.538","0:04:40.546"
"--zMwEDickE",0,"0:00:02.602","0:00:07.691"
"-QeVsADp8_A",0,"0:03:55.001","0:04:18.558"
"--Oy44w1cmY",1,"0:00:56.940","0:01:17.660"
"-QAaPxZ2DJs",2,"0:03:54.234","0:04:07.288"
"-AVPxCuJshE",1,"0:06:32.125","0:07:07.093"
"-EYW4d4kiBQ",1,"0:04:08.348","0:04:14.721"
"-Q1ulcMiVkY",1,"0:05:09.280","0:05:15.200"
"--nFF98UaVQ",1,"0:00:46.713","0:01:34.761"
"-AIlMNCpP_c",0,"0:00:37.537","0:00:46.479"
"-LrsPsng16U",0,"0:00:17.600","0:01:02.966"
"-Q811Tzngo4",0,"0:00:09.843","0:00:57.891"
"--04DHOI32k",2,"0:01:21.648","0:01:29.422"
"-Ej-ta0-1Nc",0,"0:00:36.036","0:00:46.713"
"-Q6t7qWJNHs",2,"0:02:33.386","0:02:44.097"
"-QtW98684lo",0,"0:00:01.134","0:00:10.477"
"-LGght1QMBA",2,"0:00:53.319","0:01:00.927"
"--wMyymNV70",1,"0:01:18.578","0:01:24.984"
"-QAmRXKOoqw",2,"0:02:18.680","0:02:24.240"
"-8tY-Tt_qU0",1,"0:00:15.849","0:00:22.981"
"-8XjSk8KkH0",2,"0:04:19.400","0:04:29.080"
"-Nne7nuPkg0",0,"0:00:06.000","0:00:54.000"
"-HQXDzWCjQw",2,"0:04:33.866","0:05:01.933"
"-PKwkXYhEAo",1,"0:00:37.166","0:01:25.166"
"--0xBkg37So",0,"0:00:09.000","0:00:57.000"
"-3sIRsXUlwo",0,"0:07:37.623","0:08:25.671"
"-BsgmkmzP90",0,"0:00:00.917","0:00:08.383"
"-3KwFm4_yD8",0,"0:00:01.301","0:00:11.911"
"-05AboXPMjQ",0,"0:00:12.387","0:00:32.365"
"-0Lh31AYHbE",0,"0:00:03.900","0:00:35.266"
"-0O-VxX3zgs",2,"0:01:37.597","0:01:47.407"
"--_8kjTqhn8",1,"0:03:21.300","0:04:09.300"
"-QC7vbxMHS4",1,"0:00:21.980","0:00:29.821"
"-0D6WitqVOs",1,"0:00:16.391","0:00:24.941"
"-PuXvBgrpVY",2,"0:02:51.600","0:03:39.600"
"-MN6ET9TDfM",0,"0:00:10.440","0:00:16.760"
"-5TzZjGgcRA",2,"0:02:05.000","0:02:53.000"
"-3303oPaNOc",0,"0:00:06.000","0:00:54.000"
"-Ak78bRDt8o",0,"0:00:08.308","0:00:22.288"
"-6OsgCgKTL0",0,"0:00:06.047","0:00:14.931"
"-BKtljmKnJw",0,"0:00:05.974","0:00:54.025"
"--Twjtr-S2M",2,"0:11:41.033","0:12:28.733"
"-Eh1i0T1lHM",0,"0:00:03.470","0:00:31.398"
"-9Ou_o4Za-s",0,"0:05:25.491","0:05:40.540"
"-DVV5l5eEQg",0,"0:00:05.972","0:00:54.020"
"-Hu-uC4ZzUM",0,"0:00:05.972","0:00:54.020"
"-0ObOkpLMzU",1,"0:02:11.440","0:02:16.720"
"-FA74Zacam0",1,"0:00:25.825","0:00:33.833"
"-QNoeMweP9Q",1,"0:00:12.579","0:00:18.785"
"-7yX8grJq1k",1,"0:05:12.161","0:06:00.176"
"-C1G0P_ojkU",0,"0:03:39.516","0:03:58.833"
"-Pk8ye-vqJc",2,"0:00:15.915","0:01:03.963"
"-MH6OkeBBXg",0,"0:00:53.420","0:01:04.664"
"-G9R4cU5raU",2,"0:02:03.389","0:02:15.368"
"-QLtOIk5C5c",2,"0:01:09.469","0:01:15.708"
"-E-JNim92Yg",0,"0:00:01.935","0:00:17.650"
"-OVuFTp2DZQ",0,"0:04:44.867","0:04:52.875"
"-Qf4WV-I0JM",0,"0:00:03.737","0:00:12.012"
"-60Hw-hdnzg",1,"0:02:07.800","0:02:15.880"
"-0cvVBu4syE",0,"0:00:39.520","0:00:50.920"
"-0H2tDtDQsY",1,"0:02:09.671","0:02:15.343"
"-0Rz88oISHs",1,"0:06:19.178","0:07:07.226"
"-NVMTEnpUh0",2,"0:01:04.831","0:01:28.388"
"-HGWalRXhY0",2,"0:08:13.893","0:08:27.273"
"-8bGTckfCGs",0,"0:00:10.600","0:00:17.833"
"-0CbvYQpsOI",2,"0:05:23.560","0:05:31.560"
"--UuDDykpJQ",1,"0:01:36.329","0:01:43.503"
"-NGM-eT8R1U",1,"0:00:23.123","0:00:34.601"
"-4oJi-j7yi0",1,"0:04:50.556","0:05:38.604"
"-QxXJG-Aju8",0,"0:00:23.440","0:00:29.520"
"-0bxK_1AZIk",2,"0:02:07.894","0:02:15.368"
"-QQCIqvwd1E",1,"0:01:03.960","0:01:09.600"
"-QdmdGTPCV4",0,"0:00:11.000","0:00:59.000"
"-PtFgl0r5dE",0,"0:01:49.720","0:02:37.720"
"-PHS8szKWH8",1,"0:00:06.206","0:00:13.713"
"-0Js9zJ2u9U",2,"0:00:31.097","0:00:46.646"
"-54qH376FSw",0,"0:00:06.000","0:00:54.000"
"--xD1Zqa5i8",1,"0:00:46.012","0:00:52.886"
"-0HH0a5z3ss",0,"0:00:06.000","0:00:54.000"
"-O0o9qjIEhc",0,"0:00:00.967","0:00:08.975"
"--qfjf8SSuU",0,"0:04:42.315","0:05:24.290"
"--av3DXo8eE",1,"0:01:07.240","0:01:55.240"
"-0NWa0nj7fI",0,"0:00:08.742","0:00:18.918"
"--0ytt4wWxw",0,"0:00:05.989","0:00:54.003"
"-F5m78Q3GNk",1,"0:00:10.000","0:00:58.000"
"-23OZFN4Lz0",1,"0:07:34.280","0:07:41.240"
"-CUb-h-vee0",0,"0:00:02.402","0:00:21.788"
"-3_hkGkvhpI",2,"0:04:09.999","0:04:18.007"
"-BhYAi1VuwQ",2,"0:07:16.335","0:08:04.383"
"-H8WTPI-sRg",0,"0:00:01.468","0:00:13.446"
"-74NjtVUoMo",0,"0:00:12.112","0:00:29.529"
"-NtlV-awBJk",1,"0:03:15.895","0:04:03.943"
"--BtoHwywko",0,"0:00:13.333","0:01:01.333"
"-H4j0uJVvro",2,"0:01:19.179","0:01:46.706"
"--vJjXmnOf8",0,"0:00:28.100","0:00:49.600"
"-MANaLidtkA",2,"0:04:17.890","0:04:41.281"
"-AzhQNY3Duk",1,"0:00:27.400","0:00:47.320"
"-PpLJyeoXeA",1,"0:08:33.400","0:08:47.880"
"--8T9MHDrog",0,"0:00:05.964","0:00:54.012"
"-07BGG0ulso",2,"0:06:07.075","0:06:55.123"
"-6eVEPFJr5c",2,"0:24:32.440","0:24:40.160"
"-0TCJTZ0tek",1,"0:02:40.960","0:03:03.049"
"-900V0yZS2s",0,"0:00:10.944","0:00:58.992"
"-0S8xPZGoQU",0,"0:00:10.977","0:00:59.025"
"-FifeDI2uFQ",2,"0:09:57.580","0:10:29.512"
"-DQKUqXqILg",2,"0:00:20.653","0:00:33.767"
"-0GKwLxhUIs",1,"0:00:16.950","0:00:23.223"
"-5Rohhkg-7k",1,"0:01:35.720","0:01:41.810"
"--SUnnYBh5M",0,"0:00:42.640","0:00:48.480"
"--BrlAsOeUY",0,"0:00:05.972","0:00:54.020"
"-QqDL0nl1-Q",2,"0:08:23.186","0:08:41.470"
"-Ba4mwRPREE",0,"0:00:14.180","0:01:02.228"
"--fcar1PrVg",0,"0:00:05.105","0:00:45.945"
"-Qxmc4E7IwA",0,"0:01:09.018","0:01:57.033"
"-4Q7q57kMUM",1,"0:00:19.019","0:00:58.792"
"-IMOBuDA2F4",1,"0:00:17.384","0:00:29.362"
"--qQGchfFgs",0,"0:04:57.766","0:05:22.933"
"-2DJGgosrdA",0,"0:00:00.984","0:00:08.992"
"-Qvod_rU8zg",0,"0:00:01.080","0:00:09.840"
"-EJ68mcvA_A",1,"0:00:34.701","0:00:42.709"
"-0wjF_5gm8E",2,"0:00:15.666","0:01:03.666"
"-Q5IgKL9FmQ",1,"0:03:29.834","0:03:48.895"
"-Ejc0SU3Sqo",0,"0:01:07.233","0:01:16.034"
"-0Iw4H4I2A0",1,"0:03:37.120","0:04:00.120"
"-QcCTFImU04",2,"0:10:29.695","0:10:42.541"
"-QI0AvexCYo",0,"0:00:06.000","0:00:54.000"
"-51eZ7Wcob8",1,"0:00:32.916","0:00:56.873"
"-BaskabbWig",1,"0:01:29.840","0:01:38.600"
"-0KkXNFxLnI",2,"0:07:08.361","0:07:16.369"
"-INB7Wd7Xvo",0,"0:00:32.932","0:00:38.738"
"-AhyqMwXUa0",1,"0:01:16.242","0:01:44.904"
"--xjrlD2f-g",0,"0:00:06.000","0:00:54.000"
"-QH4_xBoocA",0,"0:00:10.944","0:00:58.992"
"-Qt8GIiZut0",2,"0:03:17.366","0:03:33.366"
"-3n26AjNn6c",0,"0:00:06.220","0:00:35.660"
"-9QY-N57-gY",0,"0:00:05.972","0:00:54.020"
"-EuVuT2QPHk",0,"0:00:01.680","0:00:15.280"
"-6zpA124U5E",0,"0:00:08.058","0:00:52.202"
"--7sUkZvJZM",1,"0:01:57.960","0:02:45.960"
"-CbrcFVsQEo",0,"0:00:01.534","0:00:13.913"
"--dCDo54t1Q",0,"0:03:42.972","0:03:50.104"
"-ObAOqf8HLo",0,"0:00:50.467","0:00:59.142"
"-G_ahGodtAk",0,"0:00:21.755","0:00:28.294"
"-Go5M3nGrG8",0,"0:00:15.520","0:00:28.160"
"-Lj89c0-R_M",0,"0:00:02.002","0:00:18.309"
"-08sr2VO-Xg",0,"0:00:06.000","0:00:54.000"
"--T0U1LSDJs",0,"0:00:04.971","0:00:44.744"
"-39aeaK85EU",2,"0:17:53.639","0:18:01.480"
"-PbDl-XvbRU",2,"0:04:12.819","0:04:35.108"
"-5mCKeRpldU",0,"0:00:05.972","0:00:54.020"
"-NGtMCEjemA",0,"0:00:11.000","0:00:59.000"
"-6xeisCb9pU",0,"0:00:05.972","0:00:54.020"
"-O88AQSMRvk",0,"0:00:29.738","0:00:37.495"
"-L5aEgxa2NA",0,"0:00:20.186","0:00:43.309"
"-Fj_6GApnkw",0,"0:00:03.636","0:00:32.932"
"-Pen85qQlt4",0,"0:00:06.000","0:00:54.000"
"-8Qv3WwoiWk",0,"0:00:06.214","0:00:31.072"
"-CWt16AJn5U",0,"0:00:01.985","0:00:17.967"
"-ECkKNF2sNg",0,"0:00:15.966","0:01:04.000"
"-IT4UsYJOGw",0,"0:00:12.300","0:01:00.300"
"--ZHByeYwfo",2,"0:01:45.708","0:02:03.416"
"-AqqRyEelmI",1,"0:02:21.841","0:03:09.889"
"-02IrKXqECs",0,"0:00:05.972","0:00:54.020"
"-QTpvNeIiAQ",1,"0:02:49.377","0:02:57.760"
"-6bV-DaVQik",2,"0:01:55.533","0:02:03.333"
"--lTehz6614",0,"0:00:26.480","0:00:36.400"
"--oq-As9yFY",0,"0:00:00.625","0:00:05.672"
"-Pmvl6V5kkA",2,"0:03:09.856","0:03:15.094"
"-03CB2Nyw24",0,"0:03:51.497","0:03:59.789"
"-J3NfUD__8A",0,"0:00:10.944","0:00:58.992"
"-668SMFsvzY",0,"0:00:06.439","0:00:18.418"
"-LD60mW3uKs",0,"0:00:04.971","0:00:44.744"
"-QFH59Qut8M",1,"0:10:27.426","0:11:15.474"
"-Bn8yddLHs0",1,"0:11:50.760","0:12:35.360"
"-BqaF3Vwqe0",0,"0:00:44.440","0:00:58.480"
"-HYxyN-D2WE",1,"0:00:38.238","0:00:45.345"
"-KY7RWaexjE",2,"0:00:49.400","0:01:00.280"
"--pMnFYGD3U",0,"0:00:09.776","0:00:25.058"
"-QWhY6CRTrc",0,"0:00:49.983","0:01:28.688"
"-2IiLNKbYzE",2,"0:11:49.466","0:12:14.033"
"-7M3SR16KRo",0,"0:00:00.840","0:00:07.800"
"-LekSqC7iY4",2,"0:04:07.708","0:04:19.708"
"--hwiulyeW0",0,"0:00:05.989","0:00:54.003"
"-Gf5WrFyvKo",1,"0:01:01.625","0:01:14.916"
"-Kj_A3zsqoE",0,"0:00:13.708","0:00:22.458"
"--pT1Zc10g8",0,"0:00:13.513","0:00:42.375"
"-1rIOCE3ciw",0,"0:00:12.920","0:01:00.920"
"-AGK5nZtVpY",1,"0:00:14.814","0:00:28.428"
"-KBuTXkTQ-4",0,"0:00:05.972","0:00:54.020"
"-8h6QFlcHIQ",1,"0:01:27.880","0:01:34.520"
"-Pm_A7k1HUk",0,"0:00:02.902","0:00:26.259"
"-CeWz1fKKsk",0,"0:02:17.266","0:02:32.366"
"-8CRG83V2UE",0,"0:00:06.322","0:00:17.917"
"-BYhRVcF370",1,"0:01:05.120","0:01:13.000"
"-1Xk3Q3t2LQ",2,"0:01:16.076","0:01:23.016"
"-4ykoadCXz4",1,"0:01:41.200","0:01:53.680"
"-QYCPjV1nfo",0,"0:00:52.118","0:00:58.358"
"-QYqTe__3TU",0,"0:00:05.972","0:00:54.020"
"-1VsdED6evE",0,"0:01:15.533","0:01:31.341"
"-PvjdcFeRN8",0,"0:00:02.969","0:00:26.993"
"-0KxORyLioY",1,"0:02:40.660","0:02:47.934"
"-0D3jX5C9H4",0,"0:00:52.652","0:01:07.267"
"-2wY2bzk1Iw",2,"0:00:55.088","0:01:11.037"
"-6jIQNBlQoI",0,"0:00:24.500","0:01:12.500"
"-QexB9ypFHw",0,"0:00:37.996","0:00:48.673"
"-QzoV_O1cQc",2,"0:01:15.175","0:01:21.247"
"-PcS-6pxaFQ",0,"0:00:09.876","0:00:57.157"
"-PmNg6vJkRg",2,"0:05:23.823","0:05:48.781"
"-QDMmCoA1ug",1,"0:01:16.109","0:01:52.512"
"-MAEgsaB0Q8",0,"0:00:15.949","0:01:03.997"
"-7pn-xdGmIU",1,"0:01:11.838","0:01:27.587"
"-85IQ5vzhWw",2,"0:01:46.940","0:02:05.892"
"-5xYxC4fbQc",0,"0:00:03.211","0:00:28.903"
"-IaqWdcE4Y4",2,"0:05:06.840","0:05:13.920"
"--pe_FWJdS4",0,"0:00:01.334","0:00:12.212"
"-5K3R8VxTBA",1,"0:04:08.181","0:04:17.523"
"-Q6tn7nbXF4",0,"0:00:29.129","0:00:43.710"
"-GZOaB7V5Q4",1,"0:00:51.733","0:01:30.700"
"-Qc0DSZP4vc",2,"0:09:24.864","0:09:32.238"
"-R1qG0mtCao",2,"0:00:13.947","0:00:44.911"
"--nWRrGQ0og",2,"0:09:04.366","0:09:10.400"
"-QrzDs_fnnE",1,"0:07:01.320","0:07:10.680"
"-QZWKaSQQOo",1,"0:00:28.850","0:00:37.566"
"-Pp9s-Q06EY",0,"0:00:13.346","0:00:25.492"
"-5RnYkRUeq8",0,"0:00:05.972","0:00:54.020"
"-05sylO2dGQ",0,"0:00:12.278","0:00:26.760"
"---39MFGZ-k",1,"0:00:15.915","0:01:03.963"
"-JR6uNzEJwA",2,"0:01:29.689","0:01:54.380"
"-D6vKBsmq1U",0,"0:00:05.978","0:00:54.002"
"-QMit-qsvdE",0,"0:00:04.522","0:00:40.936"
"-NJl_bQyqnE",0,"0:00:36.603","0:00:42.909"
"--ln_8V9bUI",0,"0:00:01.768","0:00:16.116"
"-0Iwly564YA",2,"0:09:33.906","0:09:52.725"
"-Q_jcXUREHQ",2,"0:02:59.913","0:03:19.699"
"-3qTniJsoEg",2,"0:03:18.880","0:03:38.920"
"-FVbM7VgfdE",0,"0:00:11.911","0:00:27.861"
"-QqbpO0k-H8",0,"0:00:01.478","0:00:13.445"
"--8JOfIzG5o",0,"0:00:01.501","0:00:13.613"
"-BqXm8x2--0",0,"0:01:21.247","0:01:27.470"
"9XtzzbgMFqE",1,"0:00:55.472","0:01:16.534"
"dG-nfZtZXgU",0,"0:00:01.801","0:00:16.299"
"36LXAzP1TKc",2,"0:02:02.900","0:02:24.533"
"HBcR8TYrczU",0,"0:00:06.464","0:00:34.284"
"ApQy9kuRvjE",0,"0:14:13.319","0:14:21.861"
"9XNNve7h6Wc",1,"0:09:25.960","0:09:34.320"
"5eulCbdT7C4",2,"0:00:31.297","0:00:43.276"
"IUsz0i_g-4M",1,"0:00:38.733","0:00:50.733"
"8CsZLHvbz4k",0,"0:00:01.800","0:00:16.500"
"37_sEjuN1tg",2,"0:03:42.960","0:04:06.960"
"OriT22GXQaw",1,"0:01:27.586","0:01:39.793"
"8Ceqn021Ykg",2,"0:01:33.927","0:01:39.199"
"MKS3YOukxJc",0,"0:00:02.268","0:00:20.720"
"C5mjNz0ko2k",1,"0:00:37.320","0:00:45.800"
"HBOPK7YRCa0",1,"0:01:06.440","0:01:30.440"
"5dbGgTuzw38",0,"0:00:23.116","0:00:29.650"
"IT8gZBjzK8M",1,"0:00:31.631","0:00:39.639"
"8FLv_VxSct8",0,"0:00:06.000","0:00:54.000"
"8EGdUZxuPvk",1,"0:01:59.233","0:02:16.600"
"eX0W0y5toX4",2,"0:17:06.358","0:17:54.406"
"NfF48kfzVMc",0,"0:00:05.972","0:00:54.020"
"-Rwh4F2m7po",0,"0:00:04.500","0:00:40.500"
"aftVdm4vvXA",1,"0:01:14.920","0:02:02.920"
"HAQf5BfLyhU",2,"0:03:36.566","0:04:24.566"
"C4nRB44fhbk",0,"0:00:05.366","0:00:48.366"
"MLaT5_7GAs4",0,"0:01:31.508","0:01:53.196"
"L2MpxjSl-CI",1,"0:05:22.655","0:05:31.998"
"Ec5uPT44xQU",2,"0:07:17.033","0:07:25.933"
"C4cSzI9isvY",1,"0:00:30.960","0:01:14.360"
"5dpFXnxMtww",1,"0:02:49.900","0:03:08.100"
"AnqbjcCYJaM",1,"0:03:13.493","0:03:30.677"
"1qDNUBfRkYQ",2,"0:21:54.379","0:22:42.427"
"9Wby4aHyXJQ",0,"0:00:12.979","0:01:01.027"
"5dcKTXyCiC8",0,"0:00:01.401","0:00:12.879"
"Z5KCpeHSurU",1,"0:02:43.663","0:02:53.306"
"NglHwVsPA_4",0,"0:00:32.298","0:00:52.218"
"79mAVwn04Cc",0,"0:00:07.300","0:00:25.833"
"8DGw_GlIItY",1,"0:04:30.003","0:05:18.051"
"afk2BXMQ2Vs",0,"0:00:07.700","0:00:15.700"
"JjWt9JAqgsM",2,"0:03:01.247","0:03:08.588"
"HD2vhyDpOLU",2,"0:08:05.666","0:08:17.966"
"36VyVi7b0ZM",2,"0:03:28.560","0:03:37.120"
"8Ec8vvvm_XQ",1,"0:04:20.666","0:04:32.266"
"C4HHtomacEs",2,"0:02:08.400","0:02:14.520"
"Ed-qnOMUEmI",2,"0:05:01.401","0:05:07.974"
"_PIMRQ4BfrQ",1,"0:00:17.766","0:01:05.766"
"ISt9ZgQ_pS0",0,"0:00:58.222","0:01:10.222"
"0_8o9qqI17E",0,"0:00:19.227","0:00:25.150"
"_O3_us1xkTA",0,"0:01:55.715","0:02:01.221"
"8EhNEJSSCvg",1,"0:01:01.061","0:01:30.690"
"9W5ZZXGLhdg",1,"0:00:52.100","0:01:00.100"
"Furz228hcEM",0,"0:06:02.161","0:06:10.203"
"C6FmiNoYtYU",0,"0:01:37.697","0:01:58.518"
"IShQdkIb6c4",2,"0:19:37.476","0:19:47.119"
"aemDw_V4g3Q",2,"0:04:54.594","0:05:10.543"
"IVLELi3rTDw",1,"0:00:53.600","0:01:12.133"
"Jk5vic6QE6o",0,"0:00:03.713","0:00:33.484"
"OsBCfUf3nOs",1,"0:00:52.819","0:00:58.691"
"dGLp2xljZaU",0,"0:00:36.633","0:00:45.566"
"bxrunp3kXJE",2,"0:06:45.772","0:06:53.246"
"8F84DloURYY",2,"0:03:30.076","0:04:18.124"
"9WXXoeZcdzs",2,"0:02:14.467","0:02:28.515"
"HCyPTj9yUkE",2,"0:06:05.766","0:06:30.333"
"MLBQ_DOQFSE",1,"0:05:29.666","0:05:36.533"
"4Xu1KZT1PtA",2,"0:01:28.533","0:01:53.266"
"0YF7gDqd38c",2,"0:06:51.633","0:07:39.633"
"-UIHw8uyea4",2,"0:03:30.320","0:04:03.840"
"-S52nxY4WME",2,"0:08:23.360","0:08:31.440"
"79bMkZjeYfI",2,"0:03:06.561","0:03:16.779"
"eW3QkWXqPAo",2,"0:02:40.894","0:02:46.799"
"EdOv1I-hz7g",1,"0:05:25.133","0:06:06.366"
"Z6p92TA8fHg",2,"0:06:28.788","0:06:33.893"
"JkIV80FQmCM",2,"0:04:07.747","0:04:25.431"
"370sCzTO6k4",1,"0:02:56.433","0:03:04.966"
"EdJwrkJXhAA",1,"0:00:34.200","0:01:22.248"
"8Csgj-tEg98",2,"0:02:20.306","0:03:02.015"
"Jlvmjkfupmk",2,"0:04:33.600","0:04:38.700"
"8EoVz1IAJiU",1,"0:00:18.718","0:01:06.766"
"C76hTs8IUOY",0,"0:00:00.760","0:00:06.880"
"C5-AkOdA9KA",0,"0:00:03.666","0:00:33.033"
"JlGIoWbjeVE",1,"0:09:49.956","0:10:35.184"
"9X4LySecfUA",0,"0:02:11.965","0:02:25.712"
"EePJ_LCd-Y4",2,"0:01:00.640","0:01:07.080"
"35smQ5achew",1,"0:00:31.000","0:01:19.000"
"0Z4kLdUkY5A",1,"0:01:56.483","0:02:08.461"
"5f3dsZNtIz4",0,"0:00:11.000","0:00:59.000"
"MKuSX2NS3y4",0,"0:00:12.979","0:01:01.027"
"Fv6clwe3ma4",2,"0:09:34.433","0:09:44.300"
"5f55GaNrte0",1,"0:04:15.922","0:04:25.131"
"-TqKTzoSaQg",0,"0:00:00.750","0:00:06.965"
"JlEm-5oe3v4",0,"0:01:32.725","0:01:39.466"
"Jjhitgd7n34",2,"0:02:11.160","0:02:18.560"
"bxEYPQrzSYA",0,"0:06:37.029","0:06:44.904"
"0ZunyA9HeD4",0,"0:00:03.000","0:00:27.000"
"8Czc5XyyfW4",0,"0:01:12.000","0:01:18.120"
"IUmiTGRhaSQ",0,"0:00:09.926","0:00:27.944"
"Z61cM9DWIv0",0,"0:00:38.966","0:00:51.066"
"dDgHoP9E538",2,"0:03:03.533","0:03:10.200"
"L3BE158-ZLY",0,"0:00:03.966","0:00:35.766"
"NhLlpa7h-dI",1,"0:01:45.438","0:01:59.119"
"8E5mISaqsU8",2,"0:06:30.980","0:06:41.720"
"OtsD2PI8UOM",2,"0:07:31.933","0:07:37.533"
"eVPN3abK5n4",1,"0:01:16.433","0:02:00.433"
"8Eg5fNBUiPs",1,"0:04:11.317","0:04:22.862"
"adZNUw7tNdM",0,"0:00:01.000","0:00:09.000"
"8FLvetdcxGA",0,"0:03:14.894","0:04:02.942"
"C61697AT7do",2,"0:01:30.300","0:01:38.300"
"JlSC4RlVe4E",1,"0:00:09.050","0:00:15.432"
"byz2sy89soo",2,"0:02:50.670","0:03:01.915"
"_NX3Pep1c7U",1,"0:04:21.933","0:04:38.766"
"ad_7grCp1tA",1,"0:01:24.217","0:01:29.522"
"4WsGZHpXxQI",2,"0:12:52.037","0:13:00.746"
"L2NtGsthp4w",0,"0:02:39.559","0:03:23.369"
"Ao-qmDwxwd0",0,"0:00:11.011","0:00:59.059"
"Z6z5rrcHIMg",1,"0:08:36.883","0:08:54.333"
"EbuKkxMQdUs",0,"0:00:34.334","0:00:40.974"
"MJsYzIPoBkg",1,"0:00:45.278","0:01:00.293"
"OsWMBH21zVA",2,"0:04:57.163","0:05:02.602"
"8DrvMVZnGD0",2,"0:11:54.088","0:12:07.351"
"Ng1JVZqYOL8",1,"0:05:04.937","0:05:12.211"
"IUnQis6ZV6k",0,"0:01:48.620","0:01:56.103"
"DLeHyJeLge0",2,"0:07:28.820","0:07:40.240"
"Jl1vSLFXjmY",1,"0:00:52.566","0:00:59.166"
"adr3SbCg9Tc",0,"0:00:05.972","0:00:54.020"
"0Y1J89ILtz0",2,"0:00:24.624","0:00:47.280"
"HCAnAmzRdUE",2,"0:03:52.498","0:04:14.988"
"DNChwEtB6aQ",1,"0:08:56.233","0:09:03.866"
"OsrVNe-Gmko",0,"0:00:10.944","0:00:58.992"
"adkxHFCCOWA",0,"0:00:04.760","0:00:43.040"
"MK8vMm84veQ",2,"0:02:01.466","0:02:10.333"
"37BrJysHoSY",0,"0:03:25.038","0:03:32.378"
"MMES3wsXqBo",1,"0:00:21.638","0:00:27.494"
"ApBbiCZEZKo",1,"0:02:22.880","0:02:28.120"
"L1qDrv_Q-Lk",1,"0:00:19.252","0:00:25.658"
"ae9XySF1xXM",2,"0:04:14.360","0:04:32.760"
"EdGaE2b1cP0",0,"0:00:05.705","0:00:51.551"
"dGMBFLgSwn0",0,"0:00:01.920","0:00:17.440"
"NhRlUh_-4dY",0,"0:00:43.933","0:00:49.033"
"eXF2rECgJ6Q",1,"0:00:37.537","0:00:43.710"
"1rHlp5ao0ro",1,"0:03:02.282","0:03:14.260"
"dFJuyWF8GDo",1,"0:01:00.627","0:01:06.332"
"8F7Tsk5eD2E",0,"0:02:25.466","0:02:33.466"
"HBLMr1FljqE",0,"0:00:07.273","0:00:55.321"
"9XtQM34tIhM",0,"0:00:20.387","0:00:30.997"
"L2EWLnUkTZg",0,"0:01:33.159","0:01:40.133"
"AoWP8NYLrY8",2,"0:01:02.966","0:01:34.433"
"ITp5nrjDtk4",0,"0:00:54.166","0:01:30.566"
"MLjKhZcAKh8",2,"0:00:35.701","0:00:59.701"
"IUmMguvgamE",1,"0:00:13.000","0:00:21.040"
"_NxF4NnENLo",1,"0:01:15.742","0:02:03.790"
"JjdLFwO2DUY",0,"0:01:41.334","0:01:58.084"
"JjvlWQQE12w",1,"0:03:02.015","0:03:17.964"
"0Yld-qyJgn8",1,"0:02:37.891","0:03:01.981"
"Jj_QoJW2q9A",1,"0:03:12.100","0:03:43.833"
"FtfqNKljZeU",2,"0:06:13.956","0:06:28.137"
"FtGko-35q5U",2,"0:02:18.838","0:02:24.477"
"Z716iHUXTYY",2,"0:04:18.520","0:04:29.560"
"8ETgGiNCT2E",2,"0:04:20.760","0:04:27.433"
"1r0L3ynlv0U",0,"0:00:30.330","0:01:07.700"
"OtLMQy7VW94",2,"0:07:19.739","0:07:24.844"
"Z7NKQvN--dc",0,"0:00:48.915","0:01:16.109"
"Ee7vlLyB6pI",1,"0:01:12.840","0:01:18.320"
"8DV88pt7NMo",2,"0:02:17.266","0:02:24.500"
"1oXiK1GsN04",2,"0:02:40.440","0:02:48.440"
"eV2-wYxpkxg",0,"0:00:11.461","0:00:23.456"
"OsMDaG88quc",2,"0:00:52.452","0:00:58.324"
"ISgV8rYKdp8",0,"0:01:59.500","0:02:29.100"
"FtRJbf8wics",1,"0:01:19.920","0:01:32.440"
"NfNqaPZIB0E",2,"0:04:02.709","0:04:19.425"
"bx9XKPbT84s",1,"0:01:22.040","0:01:27.560"
"AoKskdO94MA",1,"0:06:05.266","0:06:13.266"
"bx_6MW5I7y4",1,"0:02:06.226","0:02:11.698"
"5enU0DEdPVg",2,"0:01:17.160","0:01:26.377"
"FuRl5mGoBpM",1,"0:01:05.466","0:01:53.466"
"Z7FykHROEUY",1,"0:02:05.391","0:02:23.309"
"ApBU0PiQ8lg",0,"0:00:32.615","0:00:43.643"
"HCnT_djBwOo",1,"0:00:44.280","0:01:32.280"
"8FQjB9GGHg0",0,"0:01:06.599","0:01:54.647"
"36Iu3L58nog",1,"0:02:54.007","0:03:31.644"
"byeSoIdmxSw",2,"0:02:36.720","0:02:42.480"
"EeV-42ZoNi0",0,"0:00:00.834","0:00:07.540"
"8EYuG0e5ADI",1,"0:00:30.520","0:00:37.320"
"1pwvCXNWupY",0,"0:00:29.666","0:00:34.833"
"0Yf-ftt9K8M",2,"0:05:08.360","0:05:56.360"
"9WmMjp_TYcQ",0,"0:00:01.968","0:00:17.917"
"L2fEsBwSYUw",0,"0:02:46.866","0:03:12.425"
"dG2HK9JsAjw",0,"0:00:44.333","0:00:49.400"
"dE5g0PVejBY",2,"0:02:55.175","0:03:06.419"
"NgxWoYoPBa4",0,"0:00:05.939","0:00:53.720"
"JkO6dCK1pDY",0,"0:00:55.138","0:01:10.487"
"1oNRrIjLwVM",1,"0:00:13.013","0:01:01.061"
"5eV-RWHmxMU",0,"0:02:32.000","0:02:48.000"
"HC0Fpmen0Yo",2,"0:03:32.280","0:03:38.360"
"byCCFiWwPsw",2,"0:02:02.489","0:02:13.700"
"ISSqjXQ4Cd8",1,"0:02:02.900","0:02:14.800"
"dFjcbCjFW3E",2,"0:01:32.160","0:01:43.160"
"1oHxWE7bC3s",0,"0:02:11.583","0:02:21.041"
"dEZ0oOyGl0I",2,"0:04:27.867","0:04:36.643"
"-Rrfqqh0Jh8",0,"0:00:26.693","0:00:55.822"
"FtLunNJSEsg",2,"0:02:03.156","0:02:48.268"
"-TiRTlK4YoM",2,"0:06:12.938","0:06:31.295"
"8DpcWX0tWGY",2,"0:08:27.333","0:08:33.433"
"9VoHEMBhpa8",0,"0:01:29.033","0:01:53.033"
"9XPYk9S0aY8",1,"0:02:20.080","0:02:26.240"
"_PATr0bYdeo",0,"0:01:12.539","0:01:20.680"
"MJSucqBnq_k",0,"0:00:10.377","0:00:53.887"
"8Eci75dOR8o",2,"0:10:51.000","0:11:07.033"
"1ol974Xu588",2,"0:06:11.270","0:06:35.428"
"HAlqts6-xG0",1,"0:00:31.240","0:00:42.480"
"-SjNt__Gg2U",2,"0:03:43.122","0:03:49.862"
"L1YvKEV-MN0",2,"0:04:49.822","0:05:01.801"
"_PC8L7_WPWg",1,"0:00:11.200","0:00:35.200"
"-SfCv5AJuWQ",1,"0:00:08.842","0:00:25.125"
"5dfCYvDM-w4",1,"0:03:08.538","0:03:22.852"
"1ozbWT81Ajg",0,"0:00:12.679","0:00:34.167"
"eUyjLVSuReg",0,"0:00:08.400","0:00:35.666"
"eWlPJ6DvvSE",0,"0:00:09.109","0:00:57.157"
"_OATaX1PTQc",0,"0:00:10.600","0:00:16.733"
"MK0RG_54OOU",1,"0:00:26.092","0:00:51.985"
"Z8-HVagIfIQ",0,"0:01:41.033","0:02:09.100"
"L0eqN6dwslE",1,"0:03:59.500","0:04:12.400"
"5fE4D0bF_60",2,"0:06:47.724","0:07:35.724"
"Ng8LrEDdftA",0,"0:00:05.983","0:00:54.016"
"Jj_nypRjKlo",2,"0:00:45.833","0:00:57.266"
"C6xW9z-5_7Q",0,"0:00:17.683","0:00:27.433"
"34ofx5sEFuU",2,"0:03:00.880","0:03:06.119"
"ITgUUw2OMEU",0,"0:00:45.360","0:01:05.560"
"EdiB4tfUBYQ",0,"0:00:55.455","0:01:09.602"
"ag5TkcWW1Js",2,"0:10:30.863","0:10:40.039"
"EdPtP_ZdqVo",1,"0:01:21.581","0:02:09.629"
"_OtkgmwRCJU",1,"0:00:37.600","0:00:58.640"
"ITyp24J6yhU",2,"0:01:46.506","0:02:00.620"
"_OFiY88fjoI",0,"0:00:05.275","0:00:47.689"
"bx42fyp5dMc",0,"0:00:21.788","0:01:09.836"
"1phLa3FqsPQ",1,"0:00:45.779","0:00:55.822"
"EcTuhKz5Cgo",0,"0:03:46.759","0:03:53.233"
"1qXlOm1Gdi4",2,"0:00:57.800","0:01:25.566"
"IUMJlaJPP9U",1,"0:00:50.984","0:01:39.032"
"Nh-OkCOLP84",2,"0:15:56.866","0:16:16.366"
"eX5T8r4nedM",2,"0:02:30.666","0:03:16.291"
"NfCCmr4oSn0",1,"0:00:18.985","0:00:30.864"
"1r3PeTARwfw",0,"0:00:05.588","0:00:10.885"
"L0kdFh1sW60",2,"0:01:13.600","0:01:25.600"
"_OPA1bZwOWc",1,"0:00:46.746","0:00:55.822"
"Z7oeo4HP7a8",1,"0:00:27.994","0:00:57.223"
"ApiAZICdykk",0,"0:06:35.628","0:07:22.575"
"MLlifJ1s8JM",1,"0:01:06.760","0:01:19.560"
"C6qDfnD3y3g",2,"0:04:38.120","0:04:51.240"
"ITM2YRIJ0P4",2,"0:00:59.601","0:01:31.382"
"NgwEOxo_oTo",1,"0:00:07.941","0:00:23.890"
"dFEbQ7HStDc",1,"0:02:27.747","0:02:33.319"
"Jl6gbjorSew",1,"0:00:53.753","0:01:09.402"
"Apz9L_R76oc",2,"0:03:30.343","0:03:59.305"
"5fhm8Vr5bGU",2,"0:02:08.778","0:02:25.311"
"admXeqqRv1Y",0,"0:00:01.968","0:00:17.917"
"Z5KDcPtd0-o",0,"0:05:27.093","0:05:50.817"
"Z61QmxUsOT4",1,"0:01:38.598","0:02:11.798"
"0Y9uV53_yak",2,"0:20:10.100","0:20:38.916"
"_PSiRvRY9wc",0,"0:00:06.206","0:00:23.656"
"dG1E-EKhaaw",0,"0:00:10.076","0:00:26.026"
"DMuuHgCSkPg",1,"0:02:07.660","0:02:35.522"
"Ecdu3HmHcrw",1,"0:02:22.242","0:02:28.915"
"FuKnfrtQqJA",2,"0:04:32.360","0:05:09.400"
"bxJ_D-NKIwE",0,"0:00:39.040","0:00:45.680"
"-SauRPWb938",1,"0:01:29.189","0:01:38.465"
"ISYHU2nLfBE",2,"0:04:26.033","0:04:39.733"
"9Ws1r-45NH0",2,"0:10:44.343","0:10:55.221"
"C4nm-AQ6nrg",0,"0:08:15.561","0:08:24.370"
"9X1egChC8Ac",0,"0:00:06.000","0:00:54.000"
"HCmWa8Ac5mQ",2,"0:02:39.680","0:02:45.840"
"bwxXqmWQ3Z8",1,"0:01:59.200","0:02:13.360"
"C4X-ex29Q_A",0,"0:00:05.972","0:00:54.020"
"Ecu6-Di0s5o",0,"0:00:50.784","0:01:09.069"
"dEfBbU5CGxw",1,"0:02:23.076","0:02:33.353"
"-SZgX2OZbd8",1,"0:00:11.400","0:00:20.033"
"79WDP4scsBw",2,"0:12:17.269","0:12:29.248"
"5fijCxSTip0",1,"0:00:13.000","0:00:23.466"
"Otln8RTn0Po",2,"0:02:50.036","0:03:03.850"
"L3FnFOf6fEo",0,"0:00:25.592","0:00:33.333"
"eV_8BN8o8G4",2,"0:03:02.148","0:03:18.264"
"0YlLGe8I6L0",0,"0:00:01.167","0:00:06.639"
"MKjOOBvROYY",0,"0:03:12.125","0:03:20.583"
"NhQgREFtfFo",1,"0:00:08.720","0:00:56.720"
"8CxaxpDHznk",2,"0:00:25.266","0:00:52.216"
"_OhMzK5scmk",0,"0:00:19.686","0:00:43.576"
"1oVR-vCvdCE",1,"0:00:22.722","0:01:10.503"
"5dkka_qmsJ4",2,"0:08:00.146","0:08:08.154"
"HBKaiH82lxk",2,"0:04:09.060","0:04:17.920"
"37bcGtSGLUc",2,"0:01:51.528","0:01:57.534"
"Z5u-76z4A1M",1,"0:01:04.260","0:01:10.414"
"Nfwvj7DkPek",0,"0:00:01.000","0:00:09.000"
"0Xkl-8IfMOk",1,"0:05:10.843","0:05:21.120"
"_NkIYKQ9dqw",1,"0:02:35.755","0:02:52.672"
"DMAzPziu0Y4",1,"0:00:37.412","0:01:17.118"
"-T4Ll68jsZk",0,"0:00:23.823","0:00:41.708"
"FuA8HGooTd0",1,"0:00:12.445","0:00:27.694"
"0_NBreexNJg",0,"0:00:05.972","0:00:54.020"
"C5hevVREwSs",1,"0:00:08.041","0:00:37.270"
"DNyHb-yGhig",1,"0:09:51.257","0:09:59.832"
"dFYtc-qzVS4",2,"0:01:40.867","0:02:20.673"
"JlyKejQOx5Q",0,"0:00:05.615","0:00:50.539"
"34rkLriPYdM",0,"0:02:02.122","0:02:08.461"
"JkxKwX6YMsg",1,"0:02:34.053","0:02:43.463"
"0ZtjZoAvc78",1,"0:02:26.080","0:02:36.720"
"ApOgVMUOw3s",1,"0:01:11.004","0:01:27.187"
"0_lqwWEAhgc",1,"0:03:54.767","0:04:00.673"
"0_WQKG65ph8",2,"0:02:57.866","0:03:07.866"
"byS8jgLhq9g",1,"0:00:38.366","0:00:53.566"
"Ft7pEIX9oHc",1,"0:01:00.794","0:01:18.778"
"afmkVpKMxmg",2,"0:01:05.498","0:01:15.341"
"NgNsGAZ45vQ",2,"0:07:17.503","0:07:29.615"
"L2Dyr2_FYMg",2,"0:04:39.607","0:04:45.218"
"1oYEKs_mArY",2,"0:05:23.856","0:05:30.263"
"9Yvcb7eSojc",1,"0:00:22.041","0:00:34.082"
"NfTraSZcn4s",1,"0:01:05.482","0:01:11.696"
"1qDhswNlWVs",0,"0:01:18.278","0:01:25.518"
"bwGWho9hdjY",2,"0:05:32.466","0:06:20.466"
"Z7boNPmKtXI",2,"0:06:01.294","0:06:49.342"
"OsSxYg9hr30",1,"0:00:52.185","0:00:59.893"
"5du1UhFJ1NI",1,"0:01:48.108","0:01:55.081"
"OsDn-cYLh2E",1,"0:00:12.000","0:01:00.000"
"IUvbtZnvnGk",1,"0:00:43.543","0:00:51.551"
"_Q8uQR4pCEM",1,"0:02:19.764","0:02:28.106"
"eVidFpommO0",2,"0:08:29.466","0:08:41.833"
"OsHN9uRemuQ",0,"0:00:14.440","0:00:23.000"
"eWmcbaIca4o",1,"0:01:01.000","0:01:06.966"
"dFUIpRlkwsI",1,"0:02:13.633","0:02:33.027"
"bybNE-cE0Po",0,"0:00:11.000","0:00:59.000"
"eWytvDnX_ao",0,"0:00:05.972","0:00:54.020"
"C4JhRGE1mbo",0,"0:01:07.567","0:01:15.842"
"0Y7W1wl6pVo",0,"0:00:02.769","0:00:20.086"
"dFqnj31qeS0",2,"0:05:50.883","0:05:56.589"
"Anq8OEw4rXE",2,"0:01:06.760","0:01:23.080"
"9WkuhKNNruE",0,"0:00:05.989","0:00:54.003"
"35Sm-Jw0ans",1,"0:02:46.160","0:02:53.760"
"79h69kHl5Qk",0,"0:00:05.000","0:00:45.000"
"L0fPZvIHImA",1,"0:00:33.080","0:00:50.040"
"-RJujX-lwPc",0,"0:00:20.487","0:00:32.465"
"9YqAFYioK_U",1,"0:00:38.875","0:00:44.208"
"9Vlf7QTE5tE",0,"0:00:26.526","0:00:35.101"
"C6GRMwZsTsM",0,"0:00:22.122","0:00:27.660"
"L1xOqqT7DQ4",0,"0:00:09.442","0:00:29.129"
"C6IGfGE8rqE",1,"0:02:53.139","0:02:59.579"
"0ZoFfkaM-MY",1,"0:00:58.525","0:01:07.634"
"9WJCtnWBvHI",2,"0:17:33.085","0:17:58.410"
"aeGH-8lIhoE",2,"0:03:22.035","0:03:27.340"
"5eu4TRzAeXA",1,"0:03:15.700","0:03:21.566"
"ITu-ITwWE1M",2,"0:03:09.189","0:03:22.202"
"byRYn0jszIk",0,"0:00:21.591","0:00:29.337"
"5df_02OfuZU",2,"0:01:18.745","0:01:46.272"
"HA_gP9MsymY",0,"0:00:02.969","0:00:26.860"
"_OxUkws8Hbs",2,"0:05:00.766","0:05:06.933"
"HCs8Rkizp3k",1,"0:00:50.550","0:00:56.356"
"9YjJyWFq2zs",1,"0:01:05.165","0:01:15.241"
"Z5WVdV3VFvY",0,"0:00:01.100","0:00:10.066"
"MM78oI1ZImo",0,"0:00:05.972","0:00:54.020"
"aeFr0GDpK9I",0,"0:00:02.235","0:00:20.420"
"L3TeDaGlwKU",0,"0:00:01.666","0:00:15.033"
"ApzJTIQ87s8",0,"0:00:05.972","0:00:54.020"
"1pesUp0Ee4M",0,"0:00:00.680","0:00:06.400"
"5eIqfTxSXic",2,"0:00:29.833","0:00:39.466"
"ISivQNH3DGk",1,"0:00:14.614","0:00:26.926"
"-StLMyJicRA",1,"0:01:23.041","0:01:33.885"
"Z5NHVfiyFpU",0,"0:02:07.594","0:02:28.781"
"eXD7pIQdZOI",2,"0:05:53.619","0:06:29.922"
"Z5d0zosdPck",2,"0:00:33.100","0:00:40.866"
"1rC_jndkYXQ",0,"0:01:09.502","0:01:15.642"
"79xwk7I729o",1,"0:00:21.154","0:00:29.162"
"NgoAJaAWP7c",0,"0:06:13.623","0:06:20.196"
"1pix2MEGhhE",2,"0:05:39.920","0:05:48.880"
"EeTJcbqZh6g",2,"0:04:57.897","0:05:03.736"
"1q_mTE-a3Ww",1,"0:00:27.527","0:00:52.552"
"HDBL1dvZj18",2,"0:03:38.720","0:03:49.700"
"MKPPQgqn2UM",0,"0:00:06.000","0:00:54.000"
"9Vkrn1SHRnM",2,"0:01:24.417","0:01:32.192"
"Z6f07H8DJjM",2,"0:13:37.883","0:13:53.383"
"4XHZUZ2qEnk",1,"0:03:39.319","0:03:45.058"
"bxIWRJxC3sI",0,"0:00:09.933","0:00:15.433"
"C4XMOZjU4tc",0,"0:01:16.600","0:01:27.300"
"-TLzVGP6-JE",1,"0:04:14.220","0:04:22.295"
"FuOsj5IXP98",1,"0:14:25.600","0:14:38.433"
"MLt_QiSW7WQ",1,"0:00:16.000","0:01:04.000"
"4XtKQvg8Z9s",2,"0:10:13.846","0:10:57.156"
"HBHat0dKaTw",1,"0:00:06.906","0:00:14.647"
"_OTjy7mH-pQ",2,"0:00:46.346","0:00:54.354"
"MLDZUaYywUo",1,"0:02:45.040","0:03:27.280"
"eWnjhvS23Mo",1,"0:01:12.639","0:01:23.850"
"FuV860j92Vw",0,"0:01:01.094","0:01:13.073"
"Apg-N5ezbPA",2,"0:03:23.403","0:03:43.406"
"0_ldGdAjXg4",0,"0:00:00.760","0:00:07.080"
"L1iQxCkwwRM",0,"0:02:43.913","0:02:56.426"
"8D9a3eyW8uc",0,"0:06:58.551","0:07:33.252"
"8EXZra9Zm_c",0,"0:00:05.964","0:00:54.012"
"Fua7466p_ek",2,"0:08:46.042","0:09:16.155"
"OtPaPbVBMbM",0,"0:01:18.000","0:01:42.000"
"aea5O9R8Blg",1,"0:04:30.400","0:04:36.440"
"Z77udTxk6jo",0,"0:00:26.159","0:00:31.765"
"5dj0RtCjFS8",0,"0:01:13.540","0:01:20.914"
"5eYYgKDyA_I",1,"0:00:15.240","0:00:20.400"
"eVrOz13Ybjo",1,"0:00:20.880","0:00:39.160"
"Aq5G4OIQFrU",0,"0:04:04.110","0:04:15.521"
"OsuCenBjHOg",2,"0:01:42.535","0:01:49.275"
"1q5EDo1IuQg",1,"0:01:06.866","0:01:54.866"
"AoPxiA-siOg",2,"0:03:29.275","0:03:34.614"
"JjoSIqeb3fs",2,"0:02:26.437","0:02:33.444"
"_OMXSRbbj1w",2,"0:01:17.619","0:01:28.546"
"DMHagDFAu2w",2,"0:12:32.384","0:12:40.192"
"OtagQ1A-glk",0,"0:00:01.366","0:00:12.400"
"NhAAIY5TLLI",2,"0:04:18.625","0:04:57.664"
"afdbkiwYvdM",1,"0:00:39.806","0:00:47.380"
"ISfEdzJD1ro",0,"0:00:06.300","0:00:16.200"
"0_1_kDnDBlc",0,"0:01:59.085","0:02:04.791"
"HA_QSOuM0SM",2,"0:02:34.000","0:02:49.200"
"Ft49ZvZMIik",2,"0:02:29.520","0:02:39.000"
"0Y5IQ7tVF10",1,"0:01:29.000","0:02:01.000"
"NhT4hjW4b7c",1,"0:00:20.478","0:00:30.030"
"0Ysl-vqeQns",2,"0:00:37.537","0:00:42.609"
"L0s4h8t2hgk",2,"0:02:16.122","0:02:46.726"
"Jkm-asSelvc",2,"0:02:29.200","0:02:47.700"
"-RD3Vyog1so",2,"0:05:22.160","0:05:33.280"
"0ZO30j9JD5o",0,"0:01:40.033","0:01:45.205"
"-Sl4JB_kHtg",0,"0:00:48.948","0:00:54.888"
"IVOa_3Z18yA",2,"0:01:46.566","0:01:59.900"
"bxGYoHvak4E",0,"0:00:02.552","0:00:23.123"
"byIdk6OOrVw",2,"0:11:45.538","0:11:50.668"
"9YEFX218_so",0,"0:05:55.600","0:06:02.640"
"79udcP6wIn8",1,"0:06:47.407","0:07:35.455"
"5dwKd1SX1rY",0,"0:01:09.636","0:01:14.707"
"HCX-p_ClitQ",0,"0:01:10.361","0:01:16.201"
"8CtNAM_81Xw",2,"0:00:18.351","0:00:32.632"
"Z79uifM-4QE",1,"0:02:15.433","0:03:03.433"
"aeYhf3v1XyU",0,"0:02:04.457","0:02:23.276"
"_NWzRxjzVAU",2,"0:01:00.293","0:01:08.468"
"-UM7sHUV3hU",1,"0:01:44.671","0:01:57.984"
"ApS0mCsXQyk",1,"0:03:04.800","0:03:10.200"
"35YDnWTjcr0",0,"0:00:04.066","0:00:36.833"
"aeur4AZRbcw",1,"0:03:57.604","0:04:09.582"
"Z5llpb01HZ0",0,"0:00:20.887","0:01:08.935"
"9Yj6ezZNTZU",2,"0:09:22.194","0:09:32.605"
"eV6uz59JVvI",1,"0:02:31.784","0:02:37.190"
"8EPHqL1yUJw",1,"0:17:13.298","0:17:25.277"
"eWbBkO0n49E",1,"0:05:08.641","0:05:51.351"
"eWdCj1NEJF4",1,"0:02:35.688","0:02:48.301"
"JlJQXXIJ_Lw",1,"0:01:16.776","0:01:22.115"
"Z7O0J0VLlzc",1,"0:00:12.278","0:01:00.326"
"L141zUad4-0",2,"0:04:39.012","0:05:12.111"
"1pifxVwjwEA",1,"0:00:47.347","0:00:53.219"
"0_7KAdHO6K8",0,"0:00:06.000","0:00:54.000"
"EeJiiImx8r0",1,"0:01:15.375","0:01:24.317"
"Z5ArK-_Jx6U",1,"0:01:02.400","0:01:50.400"
"ML7KWw5n6cY",2,"0:08:47.960","0:09:36.008"
"35gb2-zVrOY",1,"0:03:45.358","0:03:55.001"
"FuiAKVE9Ihg",2,"0:06:56.315","0:07:03.256"
"_O2TN1TuiTE",2,"0:00:39.533","0:01:16.066"
"ApiwPXfyxVc",0,"0:05:00.758","0:05:08.933"
"MKBLJj5A1sM",2,"0:06:21.981","0:06:44.837"
"9YbpgzWcfJA",0,"0:00:06.066","0:00:13.966"
"JjmWl9raVIk",1,"0:12:09.495","0:12:57.543"
"1qDW9cMz1b4",2,"0:02:51.971","0:03:38.885"
"DMnAA6n8mmE",0,"0:00:05.972","0:00:54.020"
"5eUUqg91l9o",1,"0:00:53.753","0:01:01.327"
"C6Xx96PbLcE",2,"0:01:53.366","0:01:59.533"
"_OeIvwGxhRc",0,"0:05:48.448","0:06:00.326"
"-R4st0sQgW8",1,"0:00:28.561","0:00:36.569"
"_NxtXjsX3Rs",1,"0:00:28.028","0:00:37.637"
"4XyV6Dmug2k",0,"0:00:14.833","0:00:54.833"
"eWNzXZMcHxs",0,"0:00:06.000","0:00:54.000"
"Jkpmif-nz2U",0,"0:00:04.250","0:00:12.366"
"IUyiYXfHfEs",1,"0:02:04.966","0:02:33.800"
"eW4K0UbO6zk",1,"0:00:58.725","0:01:27.520"
"-S16CG6hagM",2,"0:04:45.833","0:05:01.833"
"Jku7j8Rz5ZI",0,"0:01:06.680","0:01:16.920"
"dE1LT4mn78o",0,"0:00:48.896","0:01:12.896"
"FuxH5g-XfH8",2,"0:00:53.520","0:01:05.465"
"0YMxgBxvYSc",2,"0:09:49.155","0:10:17.216"
"dEu44SUWGZY",2,"0:04:20.827","0:04:27.066"
"8E57gNoc8JY",2,"0:02:16.678","0:02:22.308"
"AotVUtlQMf0",0,"0:03:09.022","0:03:16.496"
"IT6RGCnTpMo",0,"0:05:27.166","0:05:33.866"
"MLGwu1gzxUM",0,"0:00:44.711","0:00:52.719"
"Nfyv5mhrW1o",1,"0:10:30.363","0:10:56.188"
"AoJt8aGomTM",1,"0:01:29.300","0:02:17.300"
"L2vGqgC-kcU",2,"0:12:34.733","0:13:22.733"
"EdVTdfGw1b0",2,"0:03:06.000","0:03:54.000"
"8EwK3U0gJm0",1,"0:07:18.080","0:07:25.440"
"bxbi253E2hs",1,"0:00:47.280","0:00:58.224"
"HD9fERB_70o",1,"0:00:12.066","0:00:21.700"
"MM0S7OWVzbA",2,"0:05:33.399","0:05:39.172"
"NfZGxFNwDXE",2,"0:07:33.586","0:08:01.447"
"4Y-0SHCOhAg",1,"0:01:05.899","0:01:37.730"
"4Xga1GcaHwE",2,"0:00:35.366","0:01:23.366"
"JlR_0c-DSNM",2,"0:03:31.878","0:03:43.856"
"Nfvk1KZf1dY",1,"0:00:30.241","0:01:00.845"
"37CcE5bkGEY",1,"0:00:27.694","0:00:39.439"
"eWlGrFCG6lQ",2,"0:08:18.164","0:08:25.238"
"1paQbOEZDS8",0,"0:00:06.533","0:00:18.900"
"8CdS9AvLGvI",2,"0:01:45.766","0:02:04.900"
"C4tD0fct52M",0,"0:00:00.939","0:00:08.730"
"L2tBpQL8EBo",1,"0:05:37.203","0:05:44.777"
"by1OMGGNfIk",1,"0:01:47.841","0:02:26.746"
"Z5zn25-Io0I",1,"0:01:09.469","0:01:57.517"
"AnSSwIcUSz8",2,"0:03:09.566","0:03:46.166"
"MJp5i8CzZoI",0,"0:00:16.000","0:01:04.000"
"0_CiS1Hjd08",2,"0:00:46.680","0:01:01.120"
"ApBDq_OmSBY",1,"0:03:21.367","0:04:08.781"
"NgzYw6NNgFE",0,"0:00:09.843","0:00:57.624"
"C5pUcyNvKio",1,"0:12:02.700","0:12:25.700"
"DM4dbYayhVE",2,"0:03:44.290","0:03:55.602"
"4XNpwHgL828",2,"0:01:58.651","0:02:20.907"
"EcUJjMD6eB4",0,"0:00:05.995","0:00:53.991"
"OrkXMTYMXv0",2,"0:08:57.870","0:09:25.798"
"HBzZw0AA-ys",0,"0:00:01.768","0:00:16.049"
"byoZfhX4Cdk",0,"0:00:20.603","0:00:28.194"
"byLgPSG37kk",1,"0:01:53.580","0:02:01.588"
"9YPI_-QTzpo",1,"0:03:04.600","0:03:30.800"
"eVTGsNWLq34",0,"0:00:06.000","0:00:54.000"
"0Z-pLovvqkg",0,"0:00:11.144","0:00:28.862"
"eVR_PxFPKbQ",1,"0:03:54.167","0:04:32.639"
"1rElj5ebypg",2,"0:01:35.095","0:01:47.073"
"9W3wAfN7YUs",0,"0:00:50.350","0:00:56.856"
"MKc_QXrG8OI",2,"0:02:59.080","0:03:13.720"
"bwGz-LxBD_s",0,"0:00:15.849","0:00:23.690"
"dEbZ_dwa-Mg",0,"0:01:48.608","0:02:21.374"
"-SdfR2RaA6k",1,"0:09:13.680","0:09:35.280"
"Ng7och1_w4M",1,"0:00:16.000","0:01:04.000"
"Ng9dvNz4xvY",1,"0:00:48.880","0:01:02.040"
"Z6BVa60kuGk",2,"0:05:17.100","0:05:35.233"
"ITf_VvDuhA8",0,"0:03:42.366","0:03:54.366"
"OsTluPlj4xc",2,"0:11:14.400","0:11:28.460"
"79nh7Y6y7HE",1,"0:02:38.933","0:02:45.466"
"Z6m-uCsHdME",1,"0:00:48.840","0:01:11.071"
"-SUs_6dq_eE",1,"0:01:42.560","0:01:48.880"
"0_a0j2Uom-I",1,"0:04:05.912","0:04:11.684"
"Z5H7tun1GJM",2,"0:01:19.680","0:01:33.560"
"DLogzZ44lyo",1,"0:01:47.933","0:01:54.866"
"Z6fb6qZ7SSk",0,"0:00:05.680","0:00:11.480"
"Ou0Cgh6fVxk",2,"0:03:21.200","0:03:46.080"
"eUIRtUFjgfQ",2,"0:05:08.103","0:05:16.103"
"Jje73gKpOSg",1,"0:02:50.066","0:02:57.266"
"1pVLnFOOAl0",1,"0:00:20.587","0:00:26.393"
"HCxNPonmMTo",2,"0:00:30.997","0:00:38.354"
"IU4tYm8RJ8M",2,"0:02:15.760","0:02:53.480"
"9Wxwf8bVT2g",2,"0:02:03.790","0:02:09.028"
"JlvnOhYG9ek",2,"0:00:51.518","0:01:39.566"
"L3RqRB0cuBQ",2,"0:02:54.340","0:03:42.388"
"eXEpC_HcQi0",1,"0:22:26.912","0:22:34.920"
"5fTlpEmMulc",2,"0:00:41.408","0:00:49.849"
"37MiRpP9o1o",2,"0:07:13.499","0:07:21.507"
"byTDVnYEDm4",1,"0:01:02.395","0:01:12.739"
"ISpg_oQA7A8",2,"0:06:27.595","0:06:33.601"
"1oNl40Vxkpw",2,"0:10:52.750","0:11:05.500"
"L3Vaf5jNiUU",1,"0:02:16.200","0:02:36.200"
"dDdfgK_iflw",1,"0:00:25.925","0:00:34.234"
"ML1MwHbPLG4",0,"0:00:15.915","0:01:03.963"
"1rGzdGdGI28",2,"0:05:40.340","0:05:51.617"
"-RIrnU0GISU",1,"0:01:07.625","0:01:28.666"
"0ZecsccjgkI",0,"0:00:51.360","0:01:04.320"
"C4DbqP3uGLg",2,"0:08:49.737","0:08:56.285"
"eW8_0af47ik",1,"0:00:12.979","0:01:01.027"
"eVn8kaDgKO0",2,"0:03:28.500","0:03:34.566"
"1qA6C_4c8a4",0,"0:01:52.679","0:02:40.727"
"C6S7iyt_ukA",1,"0:00:21.755","0:00:53.553"
"Z5gXxe6r_c0",0,"0:00:06.000","0:00:54.000"
"_P7hjcxphY0",1,"0:02:04.000","0:02:14.666"
"9YL2sSM6n8o",0,"0:00:10.708","0:00:21.875"
"5edf8yCTRT8",1,"0:00:22.088","0:00:28.061"
"dE13Tok_BRQ",2,"0:06:12.914","0:06:34.977"
"AolkVOwB_ok",1,"0:00:30.663","0:00:48.848"
"IUryP-uEWzI",0,"0:05:00.400","0:05:20.320"
"bxu3c_ei0GM",0,"0:00:11.000","0:00:59.000"
"FuXfwW77AIs",0,"0:05:11.711","0:05:21.321"
"Edzl4tzI2KE",1,"0:00:20.600","0:00:30.466"
"bybAyH270Yg",2,"0:02:14.433","0:02:21.466"
"0Zd8b2aEe1M",1,"0:03:15.879","0:03:21.117"
"Nh1spULuHu0",0,"0:07:42.361","0:07:50.269"
"NhEd0Z7NiRk",0,"0:00:01.370","0:00:12.601"
"MKUu_n_MWFE",1,"0:03:24.804","0:03:31.244"
"0YeYvsHfiPY",2,"0:02:25.612","0:02:43.062"
"35YThI3IFFs",0,"0:01:45.900","0:01:57.900"
"_Q0tUNnUq-4",2,"0:01:38.080","0:01:43.400"
"Fsz5cYFlikA",1,"0:03:30.376","0:03:40.637"
"8DAGSOJ3hUo",1,"0:01:45.638","0:01:51.511"
"aeSnQCX_ppM",2,"0:01:39.599","0:01:44.838"
"5fYe-mCgIc8",2,"0:07:27.914","0:07:45.031"
"35hPyH0QTaw",0,"0:00:02.235","0:00:20.320"
"FteljKnUQes",1,"0:05:08.033","0:05:17.766"
"IVKElISd4bw",2,"0:02:07.293","0:02:13.166"
"AnutMRw8JPk",1,"0:03:17.230","0:03:37.517"
"C691cLNU530",0,"0:00:06.873","0:00:12.012"
"0YjWCBD56jQ",0,"0:00:05.989","0:00:54.003"
"1rJHlndf1mw",0,"0:01:44.966","0:02:04.166"
"Aq4ctyKydIc",1,"0:00:27.610","0:00:33.908"
"MLqQc8UF0hw",0,"0:02:44.364","0:03:00.313"
"ITGLZTQGQdE",2,"0:06:13.915","0:06:27.303"
"HAyvVIoDuSU",1,"0:03:40.486","0:04:28.501"
"NhNnLU8KkYY",0,"0:01:37.163","0:01:43.870"
"bwzEBtwKSOA",0,"0:00:53.153","0:01:10.620"
"L1wNUYC8nMs",1,"0:00:04.045","0:00:09.092"
"C79HWLxXtJs",0,"0:02:01.454","0:02:12.173"
"1rFqG4wnhF4",1,"0:01:32.000","0:01:37.333"
"dE10sMu2f20",0,"0:04:41.520","0:04:54.640"
"AoxxNXCW8WA",0,"0:00:01.468","0:00:13.446"
"EcryqC0WTNs",1,"0:01:36.800","0:01:44.550"
"eWUsNnAG7po",0,"0:00:12.912","0:00:48.648"
"EeN1bfyMaTc",0,"0:00:06.000","0:00:54.000"
"byOmR4d_SvY",1,"0:01:36.830","0:01:44.237"
"Z7COzQeuzbE",2,"0:07:11.733","0:07:20.400"
"bz6EEEcrnqc",0,"0:08:30.643","0:08:41.287"
"JkYtkTioD1U",2,"0:03:19.966","0:03:30.476"
"1oqgoj9eR34",2,"0:07:00.286","0:07:05.391"
"L2FY52Y6Ku0",1,"0:00:12.412","0:00:26.026"
"0ZIkcXrzMJg",1,"0:07:04.424","0:07:16.702"
"1qZVWTAPhKY",2,"0:02:29.382","0:02:41.361"
"9VuZcHwfCl4",1,"0:01:44.771","0:01:50.110"
"C5g5ksq34W0",0,"0:08:17.096","0:08:29.075"
"L2ueKqQUOvw",0,"0:00:13.847","0:00:18.893"
"EePgnUTYLBw",0,"0:00:01.640","0:00:15.000"
"dEza9t3OeBU",1,"0:00:45.979","0:01:01.928"
"Jld6INMWStg",2,"0:05:57.533","0:06:05.533"
"ae0DwRUd8Kk",0,"0:02:22.392","0:02:28.106"
"Ec4LRtKAkeE",0,"0:01:39.599","0:01:48.708"
"dFZZsfMghzc",0,"0:00:38.700","0:01:26.700"
"HBY3uUHJGxE",1,"0:00:39.833","0:00:48.066"
"L2O-A3h9h0s",1,"0:01:54.840","0:02:02.840"
"8F41BIfzb0U",0,"0:00:05.983","0:00:54.016"
"bxDHmf9sd5A",1,"0:00:27.027","0:00:51.584"
"4Y0sU0LZ5Dc",1,"0:08:27.298","0:08:32.595"
"MK1C0FE9l78",2,"0:01:13.640","0:01:21.648"
"NhAnpMHZ420",1,"0:00:17.517","0:00:36.236"
"bwAfByXeiak",0,"0:00:06.773","0:00:12.946"
"JjfXbZVvJsg",1,"0:01:38.827","0:01:45.103"
"1rYKgg3-wHY",1,"0:02:05.466","0:02:15.066"
"_NyFm479pZk",2,"0:01:25.018","0:01:42.735"
"L2ODFGXCkZI",2,"0:03:41.550","0:03:54.750"
"364feEwj8cE",1,"0:05:59.680","0:06:16.480"
"FuTeYvjbrhQ",2,"0:45:43.373","0:45:50.080"
"eWrSwmxOQ9I",0,"0:09:56.033","0:10:02.700"
"bynUriIvoYk",1,"0:00:49.466","0:00:56.466"
"bxQlIX_cMgE",1,"0:02:10.830","0:02:17.270"
"ML5HgFvwhSM",2,"0:05:29.128","0:06:17.176"
"0_AD-PbjQGE",0,"0:00:40.540","0:00:47.088"
"_NnT3ir85NE",2,"0:05:40.933","0:05:48.933"
"_O1pfsg-SjE",1,"0:00:25.241","0:00:30.714"
"EdkTiFV6JCA",0,"0:03:13.720","0:03:19.600"
"DN5EPpcc3y0",2,"0:03:45.880","0:03:55.040"
"0YGXPn9Czms",2,"0:01:06.699","0:01:13.873"
"FunxbviEDuA",2,"0:06:10.269","0:06:18.111"
"Ap9gjEuwy7Y",1,"0:02:16.594","0:02:27.981"
"DOCHn7FXJGo",0,"0:00:04.500","0:00:40.500"
"5eU07FCoTEY",2,"0:03:34.447","0:04:04.644"
"dEPGaXnP7Jc",0,"0:00:23.000","0:00:40.760"
"9VtZMQXkrtw",1,"0:04:11.684","0:04:22.662"
"0XxTc78f4MU",2,"0:01:27.291","0:01:35.291"
"Z5cqzDkrvZk",1,"0:01:35.295","0:01:52.946"
"FtVzDG6-c-8",2,"0:02:52.920","0:02:58.840"
"eUnn4D0Ef2g",1,"0:09:50.172","0:09:58.180"
"DOGPC538p-8",0,"0:00:02.302","0:00:10.010"
"1oIkN9Cl03E",1,"0:02:07.794","0:02:14.501"
"1pmxsgzIxdA",1,"0:00:37.303","0:01:25.351"
"FstNw9yyPLs",1,"0:01:09.369","0:01:22.115"
"1q2VAxMdZQM",0,"0:00:01.434","0:00:12.912"
"9Y2NYi_1r3Q",1,"0:00:17.000","0:00:33.000"
"dEMnQixwyMQ",1,"0:03:52.865","0:04:08.147"
"DO7584g57z0",1,"0:07:49.869","0:08:37.917"
"8FDok5XezO8",0,"0:00:02.047","0:00:18.431"
"afpX96dz5JI",0,"0:00:02.291","0:00:20.958"
"Z6cRpRCmNzI",0,"0:09:41.266","0:10:05.266"
"dDCw7jSRgYE",1,"0:00:20.854","0:00:28.862"
"OtYq8iNbwFY",2,"0:02:54.300","0:03:42.300"
"C4ttDs6CZ6c",2,"0:04:04.877","0:04:20.827"
"dDcp0YxFqJ8",0,"0:00:49.600","0:00:55.733"
"Ee-CULuR4xI",0,"0:00:31.566","0:00:44.300"
"9Xb-Y2uLn0I",1,"0:04:05.133","0:04:17.200"
"ag7dWd-najg",1,"0:01:56.040","0:02:06.080"
"1qqbFmiMqQ0",2,"0:01:47.680","0:02:11.000"
"ITwEhZ96duw",2,"0:01:35.695","0:02:23.743"
"IUtF6_Jt9GM",1,"0:03:57.971","0:04:07.080"
"eVyUSsNYOik",0,"0:03:47.500","0:03:53.416"
"HDEO129bOBI",0,"0:03:04.017","0:03:17.363"
"OsCscGqbprI",2,"0:06:35.150","0:07:16.350"
"Jjion9UVc1g",1,"0:00:12.245","0:01:00.293"
"MLiAZ8okO5E",1,"0:02:04.040","0:02:52.040"
"Z7VS3mnPxaI",2,"0:08:38.433","0:09:02.400"
"-UM1zVG8gi4",1,"0:06:49.480","0:07:04.520"
"C5HzPus-tx0",1,"0:00:11.219","0:00:16.683"
"C6ex4RqB6EE",1,"0:00:15.815","0:00:46.546"
"8F7_GRif7CE",0,"0:01:57.016","0:02:12.966"
"EeRrfMQdKQo",0,"0:00:02.002","0:00:18.143"
"-T6rTiQELlg",0,"0:03:23.970","0:03:29.642"
"OrfN4HfMbNM",2,"0:00:34.601","0:01:22.649"
"DL_87-T9DZA",1,"0:00:38.080","0:00:54.080"
"Ec8yVdDYMKM",0,"0:00:27.000","0:00:43.000"
"8FIbYLIg2uw",1,"0:01:44.450","0:02:00.450"
"DMP8ctjk6TQ",1,"0:12:31.400","0:12:40.080"
"-SyT8X_4ULU",2,"0:04:39.480","0:04:55.480"
"IU5T65Zs62s",0,"0:00:08.641","0:00:38.171"
"FtqNbDZ__7g",2,"0:01:41.633","0:01:48.866"
"AojL7CqkOYc",2,"0:06:19.112","0:06:26.919"
"bxcaCcLhaVI",0,"0:01:41.217","0:01:49.225"
"dG5KN6M5lcU",1,"0:02:37.123","0:02:45.131"
